-- ============================================================================
-- Seed: reference data extracted from CTG Command Center prototype (handoff.zip)
-- Generated by /home/user/analysis/extract/gen_seed.js — DO NOT hand-edit rows,
-- regenerate from data.json instead.
-- ============================================================================

-- UNITS (14)
INSERT INTO units (code,name,short,icon,parent_code,sort_order) VALUES ('BCH','Ban chỉ huy tập đoàn','BCH tập đoàn','🏛',NULL,0);
INSERT INTO units (code,name,short,icon,parent_code,sort_order) VALUES ('CT','Công trường xây dựng (HIJ-KL · OPQRT · S)','Công trường','🏗',NULL,1);
INSERT INTO units (code,name,short,icon,parent_code,sort_order) VALUES ('TN','BQL Nhà Thống Nhất','BQL Thống Nhất','🏢',NULL,2);
INSERT INTO units (code,name,short,icon,parent_code,sort_order) VALUES ('ECO','BQL Cát Tường ECO','BQL ECO','🏢',NULL,3);
INSERT INTO units (code,name,short,icon,parent_code,sort_order) VALUES ('CTN','BQL Cát Tường New','BQL CTN','🏢',NULL,4);
INSERT INTO units (code,name,short,icon,parent_code,sort_order) VALUES ('NHAM','BQL Nhà M – Yên Phong','BQL Nhà M','🏢',NULL,5);
INSERT INTO units (code,name,short,icon,parent_code,sort_order) VALUES ('CTSYP','BQL CTS – Yên Phong','BQL CTS-YP','🏢',NULL,6);
INSERT INTO units (code,name,short,icon,parent_code,sort_order) VALUES ('TTDY','TT Đông y – Khách sạn','TTĐY-KS','🏨',NULL,7);
INSERT INTO units (code,name,short,icon,parent_code,sort_order) VALUES ('QLN','Khối QLN – lệnh chung mọi BQL (Cty TNT)','Khối QLN chung','🏘',NULL,8);
INSERT INTO units (code,name,short,icon,parent_code,sort_order) VALUES ('VP','Văn phòng: HC-NS · Mua hàng · Kế toán · Hậu cần','Văn phòng HCNS','🗂',NULL,9);
INSERT INTO units (code,name,short,icon,parent_code,sort_order) VALUES ('MKT','Phòng Marketing – Truyền thông','MKT','📣',NULL,10);
INSERT INTO units (code,name,short,icon,parent_code,sort_order) VALUES ('VPCT','Văn phòng Chủ tịch – Cơ quan thường trực điều phối','VP Chủ tịch','🎖',NULL,11);
INSERT INTO units (code,name,short,icon,parent_code,sort_order) VALUES ('IT','Bộ phận Chuyển đổi số / IT','IT/CĐS','💻',NULL,12);
INSERT INTO units (code,name,short,icon,parent_code,sort_order) VALUES ('PC','Trung tâm Pháp chế','Pháp chế','⚖️',NULL,13);

-- ROLES (8)
INSERT INTO roles (id,name,description,color,perms_json) VALUES ('super','Super Admin','Toàn quyền hệ thống — chỉ VP Chủ tịch & IT','grad-f','["*"]');
INSERT INTO roles (id,name,description,color,perms_json) VALUES ('bch','Ban Chỉ huy','Kích hoạt sự kiện, xem tất cả, phê duyệt cấp cao','grad-a','["view.all","activate","approve.high"]');
INSERT INTO roles (id,name,description,color,perms_json) VALUES ('unit_head','Trưởng đơn vị','Quản lý nhân sự & nhiệm vụ của đơn vị mình','grad-b','["view.unit","assign.tasks","report.unit"]');
INSERT INTO roles (id,name,description,color,perms_json) VALUES ('relief','Trưởng đoàn cứu trợ','Quản lý dự án cứu trợ, đội đi, ngân sách chuyến','grad-c','["relief.manage","budget.commit","team.lead"]');
INSERT INTO roles (id,name,description,color,perms_json) VALUES ('warehouse','Thủ kho','Cập nhật tồn kho, xuất nhập vật tư','grad-e','["inventory.edit","export.stock"]');
INSERT INTO roles (id,name,description,color,perms_json) VALUES ('duty','Cán bộ trực','Nhận/báo cáo nhiệm vụ, ghi nhật ký','grad-g','["task.receive","log.write"]');
INSERT INTO roles (id,name,description,color,perms_json) VALUES ('audit','Kiểm soát nội bộ','Xem báo cáo, audit log — chỉ đọc','grad-d','["view.all","audit.read"]');
INSERT INTO roles (id,name,description,color,perms_json) VALUES ('viewer','Người xem','Cư dân/khách — chỉ xem thông báo công khai','grad-e','["view.public"]');

-- LEVELS (5)
INSERT INTO levels (k,code,qd,name,cls,trigger_desc,action_desc,auth_desc,eoc,hk) VALUES (0,'XANH','Cấp 0 – Sẵn sàng','SẴN SÀNG MÙA MƯA BÃO','lv0','Mùa mưa bão, chưa có cảnh báo cụ thể (Điều 20.1 QĐ.03).','Kiểm tra định kỳ · kho đủ định mức (hàng hỏng/hết hạn KHÔNG tính vào định mức) · danh sách trực + đầu mối sẵn sàng · bản tin Zalo 06:30/16:30 · diễn tập, hợp đồng nguồn cung.','Đơn vị / cơ sở tự duy trì','EOC Level 3 – Giám sát','≈ Tín hiệu T1 (HK)');
INSERT INTO levels (k,code,qd,name,cls,trigger_desc,action_desc,auth_desc,eoc,hk) VALUES (1,'VÀNG','Cấp 1 – Cảnh giác','CẢNH GIÁC (≈72 GIỜ)','lv1','Dự báo bão/mưa lớn khả năng ảnh hưởng trong ~72 giờ hoặc dấu hiệu bất thường tại cơ sở · dông lốc · gió giật cấp 6–7 (39–61 km/h).','Họp nhanh đầu mối cơ sở; kiểm kê + chạy thử bơm, máy phát, bộ đàm, đèn; vệ sinh thoát nước; chụp hiện trạng; kích hoạt kịch bản MƯA khi có mưa; dừng làm việc trên cao khi gió giật mạnh.','TGĐ/người ủy quyền · GĐ đơn vị/BQL/CHT được kích hoạt tại chỗ + báo cáo ngay','EOC Level 3→2','≈ Tín hiệu T3 (HK)');
INSERT INTO levels (k,code,qd,name,cls,trigger_desc,action_desc,auth_desc,eoc,hk) VALUES (2,'CAM','Cấp 2 – Chuẩn bị ứng phó','CHUẨN BỊ ỨNG PHÓ (24–48H)','lv2','Nguy cơ ảnh hưởng trong 24–48 giờ · TIN BÃO KHẨN CẤP · mưa lớn kéo dài, thoát nước quá tải · cảnh báo cao của cơ quan thẩm quyền · RRTT cấp 3.','Đưa thiết bị ra vị trí + sạc đầy; gia cố – chằng buộc; bảo vệ tủ điện/phòng máy chủ + sao lưu dữ liệu; chốt trực 24/24; mua gối đầu nhóm 2; mở mã chi phí; chốt giờ dừng thi công; sẵn sàng mở kho ≤15 phút.','TGĐ/người được ủy quyền quyết định · báo cáo Chủ tịch','EOC Level 2 – Một phần','≈ Tín hiệu T8 (HK)');
INSERT INTO levels (k,code,qd,name,cls,trigger_desc,action_desc,auth_desc,eoc,hk) VALUES (3,'ĐỎ','Cấp 3 – Khẩn cấp','KHẨN CẤP','lv3','Bão/mưa ảnh hưởng TRỰC TIẾP · ngập, mất điện, hư hỏng kết cấu, sự cố kỹ thuật · nguy cơ đe dọa người và tài sản · gió ≥cấp 10.','DỪNG hoạt động – sơ tán – lập vùng cấm; trực 24/24; điều chuyển kho theo lệnh BCH; phối hợp cơ quan chuyên trách 112/114/115; chỉ hoạt động lại khi xác nhận an toàn theo Điều 52.','CHỦ TỊCH quyết định · chỉ huy hiện trường được xử lý tức thời khi đe dọa tính mạng','EOC Level 1 – Toàn phần','≈ Tín hiệu T10 (HK)');
INSERT INTO levels (k,code,qd,name,cls,trigger_desc,action_desc,auth_desc,eoc,hk) VALUES (4,'ĐẶC BIỆT','Cấp 4 – Đặc biệt','HUY ĐỘNG TOÀN GROUP','lv4','Thiệt hại lớn · NHIỀU cơ sở cùng bị ảnh hưởng · khu vực bị chia cắt · cần huy động toàn Group hoặc phối hợp cơ quan nhà nước (Điều 20.5).','Chủ tịch trực tiếp chỉ huy; phương án đặc biệt; điều chuyển lực lượng – kho giữa các cơ sở; kích hoạt CỨU TRỢ THIÊN TAI (Chương VII); báo cáo liên tục; phối hợp chính quyền/MTTQ/Chữ thập đỏ.','CHỦ TỊCH trực tiếp chỉ huy và phê duyệt phương án riêng','EOC Level 1 + liên cơ quan','Vượt T10 – ứng phó thảm họa');

-- PHASES (15)
INSERT INTO phases (id,label,sub,rel,off_hours) VALUES ('DAILY','Hằng ngày','mùa mưa bão','DAILY',0);
INSERT INTO phases (id,label,sub,rel,off_hours) VALUES ('RP','Mưa – chuẩn bị','khi phát tin mưa','ACT',3);
INSERT INTO phases (id,label,sub,rel,off_hours) VALUES ('RD','Mưa – trong mưa','trực liên tục','ACT',12);
INSERT INTO phases (id,label,sub,rel,off_hours) VALUES ('RA','Mưa – sau mưa','khắc phục','ACT',24);
INSERT INTO phases (id,label,sub,rel,off_hours) VALUES ('T72','T-72h','tin bão khả năng ảnh hưởng','T0',-48);
INSERT INTO phases (id,label,sub,rel,off_hours) VALUES ('T48','T-48h','chuẩn bị tăng cường','T0',-24);
INSERT INTO phases (id,label,sub,rel,off_hours) VALUES ('T24','T-24h','gia cố – chằng chống','T0',-10);
INSERT INTO phases (id,label,sub,rel,off_hours) VALUES ('T12','T-12h','khóa hiện trường','T0',-6);
INSERT INTO phases (id,label,sub,rel,off_hours) VALUES ('T6','T-6h','lệnh dừng – sơ tán','T0',-2);
INSERT INTO phases (id,label,sub,rel,off_hours) VALUES ('DUR','Trong bão','trực chiến','T0',10);
INSERT INTO phases (id,label,sub,rel,off_hours) VALUES ('R0','Sau bão 0–3h','an toàn trước tiên','T0',15);
INSERT INTO phases (id,label,sub,rel,off_hours) VALUES ('R24','3–24h','khắc phục nhanh','T0',36);
INSERT INTO phases (id,label,sub,rel,off_hours) VALUES ('R72','1–3 ngày','sửa chữa – hỗ trợ','T0',84);
INSERT INTO phases (id,label,sub,rel,off_hours) VALUES ('R7','3–7 ngày','khôi phục – AAR','T0',180);
INSERT INTO phases (id,label,sub,rel,off_hours) VALUES ('ADHOC','Giao bổ sung','lệnh điều động trực tiếp','ACT',6);

-- LEVEL_PHASES (43)
INSERT INTO level_phases (level_k,phase_id) VALUES (0,'DAILY');
INSERT INTO level_phases (level_k,phase_id) VALUES (1,'DAILY');
INSERT INTO level_phases (level_k,phase_id) VALUES (1,'RP');
INSERT INTO level_phases (level_k,phase_id) VALUES (1,'RD');
INSERT INTO level_phases (level_k,phase_id) VALUES (1,'RA');
INSERT INTO level_phases (level_k,phase_id) VALUES (1,'T72');
INSERT INTO level_phases (level_k,phase_id) VALUES (2,'DAILY');
INSERT INTO level_phases (level_k,phase_id) VALUES (2,'RP');
INSERT INTO level_phases (level_k,phase_id) VALUES (2,'RD');
INSERT INTO level_phases (level_k,phase_id) VALUES (2,'RA');
INSERT INTO level_phases (level_k,phase_id) VALUES (2,'T72');
INSERT INTO level_phases (level_k,phase_id) VALUES (2,'T48');
INSERT INTO level_phases (level_k,phase_id) VALUES (2,'T24');
INSERT INTO level_phases (level_k,phase_id) VALUES (2,'T12');
INSERT INTO level_phases (level_k,phase_id) VALUES (2,'T6');
INSERT INTO level_phases (level_k,phase_id) VALUES (3,'DAILY');
INSERT INTO level_phases (level_k,phase_id) VALUES (3,'RP');
INSERT INTO level_phases (level_k,phase_id) VALUES (3,'RD');
INSERT INTO level_phases (level_k,phase_id) VALUES (3,'RA');
INSERT INTO level_phases (level_k,phase_id) VALUES (3,'T72');
INSERT INTO level_phases (level_k,phase_id) VALUES (3,'T48');
INSERT INTO level_phases (level_k,phase_id) VALUES (3,'T24');
INSERT INTO level_phases (level_k,phase_id) VALUES (3,'T12');
INSERT INTO level_phases (level_k,phase_id) VALUES (3,'T6');
INSERT INTO level_phases (level_k,phase_id) VALUES (3,'DUR');
INSERT INTO level_phases (level_k,phase_id) VALUES (3,'R0');
INSERT INTO level_phases (level_k,phase_id) VALUES (3,'R24');
INSERT INTO level_phases (level_k,phase_id) VALUES (3,'R72');
INSERT INTO level_phases (level_k,phase_id) VALUES (3,'R7');
INSERT INTO level_phases (level_k,phase_id) VALUES (4,'DAILY');
INSERT INTO level_phases (level_k,phase_id) VALUES (4,'RP');
INSERT INTO level_phases (level_k,phase_id) VALUES (4,'RD');
INSERT INTO level_phases (level_k,phase_id) VALUES (4,'RA');
INSERT INTO level_phases (level_k,phase_id) VALUES (4,'T72');
INSERT INTO level_phases (level_k,phase_id) VALUES (4,'T48');
INSERT INTO level_phases (level_k,phase_id) VALUES (4,'T24');
INSERT INTO level_phases (level_k,phase_id) VALUES (4,'T12');
INSERT INTO level_phases (level_k,phase_id) VALUES (4,'T6');
INSERT INTO level_phases (level_k,phase_id) VALUES (4,'DUR');
INSERT INTO level_phases (level_k,phase_id) VALUES (4,'R0');
INSERT INTO level_phases (level_k,phase_id) VALUES (4,'R24');
INSERT INTO level_phases (level_k,phase_id) VALUES (4,'R72');
INSERT INTO level_phases (level_k,phase_id) VALUES (4,'R7');

-- SITES (11)
INSERT INTO sites (id,name,unit_code,x,y,kind,staff,risk,description) VALUES ('HIJKL','Cụm CT HIJ-KL','CT',38,44,'construction',142,'crit','Công trường xây dựng, cần trú ẩn khi bão đến');
INSERT INTO sites (id,name,unit_code,x,y,kind,staff,risk,description) VALUES ('OPQRT','Cụm CT OPQRT','CT',52,38,'construction',118,'warn','Đã hoàn tất chằng buộc cẩu tháp');
INSERT INTO sites (id,name,unit_code,x,y,kind,staff,risk,description) VALUES ('S','Cụm CT S','CT',44,56,'construction',87,'warn','Bê tông giai đoạn hoàn thiện');
INSERT INTO sites (id,name,unit_code,x,y,kind,staff,risk,description) VALUES ('TN','BQL Thống Nhất','TN',32,60,'residential',64,'ok','Toà chung cư đã ổn định, kiểm tra tủ điện');
INSERT INTO sites (id,name,unit_code,x,y,kind,staff,risk,description) VALUES ('ECO','BQL ECO','ECO',56,64,'residential',48,'ok','Khu ECO – rà soát bơm chống úng');
INSERT INTO sites (id,name,unit_code,x,y,kind,staff,risk,description) VALUES ('CTN','BQL CT New','CTN',48,70,'residential',39,'ok','Sảnh mới bàn giao – bố trí trú ẩn dân cư');
INSERT INTO sites (id,name,unit_code,x,y,kind,staff,risk,description) VALUES ('NHAM','BQL Nhà M – Yên Phong','NHAM',66,26,'residential',52,'warn','Xa TT điều hành, cần đội cơ động');
INSERT INTO sites (id,name,unit_code,x,y,kind,staff,risk,description) VALUES ('CTSYP','CTS – Yên Phong','CTSYP',72,34,'residential',41,'ok','Rà soát mái tôn hội trường');
INSERT INTO sites (id,name,unit_code,x,y,kind,staff,risk,description) VALUES ('TTDY','TT Đông y – KS','TTDY',26,48,'hospitality',37,'ok','Sức chứa tiếp nhận sơ tán 80 người');
INSERT INTO sites (id,name,unit_code,x,y,kind,staff,risk,description) VALUES ('KHO_TT','Kho TT Cát Tường','VP',42,50,'warehouse',8,'ok','Kho tổng: máy bơm, phao, đèn pin, thuốc y tế');
INSERT INTO sites (id,name,unit_code,x,y,kind,staff,risk,description) VALUES ('KHO_YP','Kho vệ tinh Yên Phong','VP',70,30,'warehouse',4,'ok','Kho vệ tinh phục vụ khu vực Yên Phong');

-- TASK_TEMPLATES (208)
INSERT INTO task_templates (id,code,unit_code,phase_id,min_level,title,suggested_owner,suggested_checker,note) VALUES ('3005b87c-5b74-4ceb-a259-b330a911b9b0','TT-0001','CT','DAILY',0,'Mở điện thi công 05:00 – cắt điện 18:30; giữ điện chiếu sáng đường & tuần tra an ninh','Mr Hải (Cơ điện)','Mr Hiển',NULL);
INSERT INTO task_templates (id,code,unit_code,phase_id,min_level,title,suggested_owner,suggested_checker,note) VALUES ('3bb45bfe-bc5d-48ef-acf5-ba42199c268b','TT-0002','CT','DAILY',0,'Kiểm tra điện, nước thi công + tầng hầm các tòa lúc 07:00 & 17:30 — bơm chạy tốt, đủ rọ chắn rác','Mr Phức','Mr Hải',NULL);
INSERT INTO task_templates (id,code,unit_code,phase_id,min_level,title,suggested_owner,suggested_checker,note) VALUES ('e83ad53c-d8a7-49e3-8b44-565de606ffbb','TT-0003','CT','DAILY',0,'Vận thăng dừng tầng 1 cách đất 50cm – ngắt điện; cẩu tháp thả cần quay tự do không hãm','Mr Bằng','Mr Dân',NULL);
INSERT INTO task_templates (id,code,unit_code,phase_id,min_level,title,suggested_owner,suggested_checker,note) VALUES ('54c949f9-aef0-44c7-b3b2-0749f80a21c9','TT-0004','CT','DAILY',0,'Đóng toàn bộ cửa mặt ngoài căn hộ cụm HIJ sau giờ làm việc','Mr Luyến · Mr Thơ','Mr Viên','Gửi ảnh xác nhận trước 19:00');
INSERT INTO task_templates (id,code,unit_code,phase_id,min_level,title,suggested_owner,suggested_checker,note) VALUES ('f5975d4e-19ca-4fc9-a2e1-4314cd8fd9ee','TT-0005','CT','DAILY',0,'Đóng toàn bộ cửa mặt ngoài căn hộ cụm KL sau giờ làm việc','Mr Khánh · Mr Ngay','Mr Viên','Gửi ảnh xác nhận trước 19:00');
INSERT INTO task_templates (id,code,unit_code,phase_id,min_level,title,suggested_owner,suggested_checker,note) VALUES ('97859403-0e54-48a3-b72d-03af06d2b5ca','TT-0006','CT','DAILY',0,'Kiểm tra miệng thu nước, hố ga, mương chính, hàng rào, cổng, biển báo, nhà tạm — không tắc, không nghiêng đổ','Mr Dân','Mr Lộc',NULL);
INSERT INTO task_templates (id,code,unit_code,phase_id,min_level,title,suggested_owner,suggested_checker,note) VALUES ('2e06d779-8ac3-4e4e-b114-0da2a719c4c9','TT-0007','CT','DAILY',0,'Kiểm kê vật tư PCLB trong kho — không thấp hơn định mức tối thiểu','Mr Tiến (Thủ kho)','Mr Hiển',NULL);
INSERT INTO task_templates (id,code,unit_code,phase_id,min_level,title,suggested_owner,suggested_checker,note) VALUES ('2d832776-11e2-4876-b239-741d32add480','TT-0008','CT','DAILY',0,'Giao xử lý tồn tại trong ngày — rõ người làm + thời hạn hoàn thành','Mr Hiển','Mr Thi',NULL);
INSERT INTO task_templates (id,code,unit_code,phase_id,min_level,title,suggested_owner,suggested_checker,note) VALUES ('34305aee-8c09-42e7-9aab-1a711ce20f3e','TT-0009','CT','DAILY',0,'19:00 – Chỉ huy phó nhận đủ báo cáo hoàn thành của tất cả cụm tòa','Mr Hiển','Mr Thi','Sau 18:30 bảo vệ không cho người không nhiệm vụ ở lại; không tăng ca trái lệnh');
INSERT INTO task_templates (id,code,unit_code,phase_id,min_level,title,suggested_owner,suggested_checker,note) VALUES ('005c473e-c005-4f96-acfb-61a3c44f5474','TT-0010','CT','RP',1,'Phát thông báo kích hoạt phương án mưa lớn toàn công trường','Mr Thi (Chỉ huy trưởng)','Giám đốc dự án',NULL);
INSERT INTO task_templates (id,code,unit_code,phase_id,min_level,title,suggested_owner,suggested_checker,note) VALUES ('bd393383-183d-44c8-b2df-e544c26d755b','TT-0011','CT','RP',1,'Bố trí người trực máy bơm theo ca','Mr Hải','Mr Hiển',NULL);
INSERT INTO task_templates (id,code,unit_code,phase_id,min_level,title,suggested_owner,suggested_checker,note) VALUES ('f9d39803-d9ec-4a8f-8e14-6c5506f284f5','TT-0012','CT','RP',1,'Kiểm tra máy phát, nhiên liệu, đèn chiếu sáng dự phòng','Đội lái máy','Đội điện nước',NULL);
INSERT INTO task_templates (id,code,unit_code,phase_id,min_level,title,suggested_owner,suggested_checker,note) VALUES ('c5dd43e3-67a6-47ec-9d66-f371e7d809dc','TT-0013','CT','RP',1,'Kiểm tra toàn bộ cửa đã đóng: cụm HIJ + cụm KL','HIJ: Luyến-Thơ · KL: Khánh-Ngay','HIJ: Mr Mão · KL: Mr Phú',NULL);
INSERT INTO task_templates (id,code,unit_code,phase_id,min_level,title,suggested_owner,suggested_checker,note) VALUES ('58214294-12b3-452c-bdbf-46c540e937e9','TT-0014','CT','RP',1,'Kiểm tra che chắn vật tư trên sàn các cụm','Tổ đội thi công','OPQ: Mr Thảo · RTS: Mr Hùng',NULL);
INSERT INTO task_templates (id,code,unit_code,phase_id,min_level,title,suggested_owner,suggested_checker,note) VALUES ('5cf18069-cc91-42d1-90d1-ea1cec9f4a3a','TT-0015','CT','RP',1,'Kiểm tra tổng thể toàn công trường trước mưa','Mr Hiển','Mr Thi',NULL);
INSERT INTO task_templates (id,code,unit_code,phase_id,min_level,title,suggested_owner,suggested_checker,note) VALUES ('6dbc9436-2e32-4b09-9141-efb589955af1','TT-0016','CT','RD',1,'Trực theo dõi máy bơm và mực nước liên tục; hỏng → chuyển máy dự phòng ngay','Mr Hải','Mr Hiển','CẤM sửa điện khi đứng trong nước');
INSERT INTO task_templates (id,code,unit_code,phase_id,min_level,title,suggested_owner,suggested_checker,note) VALUES ('ad11dccd-5d73-4c36-b86a-a09388b2e4e7','TT-0017','CT','RD',1,'HIJ–KL: kiểm soát cửa tum, giếng thang, hố PIT, trần thạch cao, vật tư hoàn thiện','KL: Mr Phú · HIJ: Mr Mão','Mr Thi',NULL);
INSERT INTO task_templates (id,code,unit_code,phase_id,min_level,title,suggested_owner,suggested_checker,note) VALUES ('777c45ff-cac4-49d9-af59-804175c87c9b','TT-0018','CT','RD',1,'OPQRT & S: hố PIT, điểm trũng, chân vận thăng, giàn giáo, lưới bao che, vật tư trên sàn','OPQ: Mr Thảo · RST: Mr Hùng','Mr Hiển',NULL);
INSERT INTO task_templates (id,code,unit_code,phase_id,min_level,title,suggested_owner,suggested_checker,note) VALUES ('ebc929ca-5e23-47ba-9388-78d4a48ec740','TT-0019','CT','RD',1,'Hạ tầng + cụm nhà Y tế, Văn hóa, THLC','Mr Tuấn Anh','Mr Lộc',NULL);
INSERT INTO task_templates (id,code,unit_code,phase_id,min_level,title,suggested_owner,suggested_checker,note) VALUES ('3877e0eb-fbc3-4063-b0ba-1890ce5a1a76','TT-0020','CT','RD',1,'Ghi nhật ký, chụp ảnh sự cố theo thời gian thực','Người trực được phân công','Mr Hiển',NULL);
INSERT INTO task_templates (id,code,unit_code,phase_id,min_level,title,suggested_owner,suggested_checker,note) VALUES ('5006a9e3-de3f-47f0-bd79-9b3747a8e966','TT-0021','CT','RD',1,'Giám sát an toàn: không lên mái/giàn giáo khi sét-gió; không xuống hố PIT khi chưa cô lập điện; nước dâng nhanh → báo CHT ngay','Mr Hiển','Mr Thi',NULL);
INSERT INTO task_templates (id,code,unit_code,phase_id,min_level,title,suggested_owner,suggested_checker,note) VALUES ('068be92d-0653-4149-a71b-7087fd25c9e5','TT-0022','CT','RA',1,'Kiểm tra an toàn điện trước khi vào khu vực ướt','Mr Hải','Cán bộ ATLĐ',NULL);
INSERT INTO task_templates (id,code,unit_code,phase_id,min_level,title,suggested_owner,suggested_checker,note) VALUES ('f308de15-4356-49ec-8101-36d82c167a25','TT-0023','CT','RA',1,'Bơm hết nước đọng các vị trí','Mr Hải','KS hiện trường cụm',NULL);
INSERT INTO task_templates (id,code,unit_code,phase_id,min_level,title,suggested_owner,suggested_checker,note) VALUES ('09ee77b8-72ac-4e75-ac4f-31520b9968ee','TT-0024','CT','RA',1,'Thu gom bùn rác, thông hố ga','Mr Hải + công nhật','KS hiện trường cụm',NULL);
INSERT INTO task_templates (id,code,unit_code,phase_id,min_level,title,suggested_owner,suggested_checker,note) VALUES ('6859fb32-baaf-4ac7-be08-96380741a205','TT-0025','CT','RA',1,'Kiểm tra cửa, mái, hố PIT, vật tư từng tòa','Người phụ trách tòa','KS hiện trường cụm',NULL);
INSERT INTO task_templates (id,code,unit_code,phase_id,min_level,title,suggested_owner,suggested_checker,note) VALUES ('e2a5e986-9764-4459-98fe-3308f04829ad','TT-0026','CT','RA',1,'Kiểm tra giàn giáo, vận thăng, cẩu tháp trước khi hoạt động lại','Mr Dân','Mr Hiển',NULL);
INSERT INTO task_templates (id,code,unit_code,phase_id,min_level,title,suggested_owner,suggested_checker,note) VALUES ('44699023-a836-40a4-9d19-0b30461b23ee','TT-0027','CT','RA',1,'Kiểm tra vật tư thiết bị bị ướt, lập danh sách xử lý','Tổ đội liên quan','KS hiện trường cụm',NULL);
INSERT INTO task_templates (id,code,unit_code,phase_id,min_level,title,suggested_owner,suggested_checker,note) VALUES ('0743340e-dadc-4d63-9551-b013df1a3485','TT-0028','CT','RA',1,'Chụp ảnh, lập DS tồn tại, khoanh vùng khu vực chưa an toàn','KS hiện trường cụm','Mr Hiển',NULL);
INSERT INTO task_templates (id,code,unit_code,phase_id,min_level,title,suggested_owner,suggested_checker,note) VALUES ('69c765ce-b9fd-47ec-bf23-6aec9a57982b','TT-0029','CT','RA',1,'Phân công khắc phục tồn tại','Mr Hiển','Giám đốc dự án',NULL);
INSERT INTO task_templates (id,code,unit_code,phase_id,min_level,title,suggested_owner,suggested_checker,note) VALUES ('0d10bf04-9279-4b25-88ff-6f3ba7c19003','TT-0030','CT','RA',1,'Lệnh cho phép thi công trở lại (chỉ khi đã xác nhận an toàn)','Giám đốc dự án','—',NULL);
INSERT INTO task_templates (id,code,unit_code,phase_id,min_level,title,suggested_owner,suggested_checker,note) VALUES ('74f3d457-7f9c-4605-a0b2-66df0a1ebbb1','TT-0031','CT','T72',2,'Họp Ban chỉ huy PCLB công trường – rà soát phương án','Mr Thi','—',NULL);
INSERT INTO task_templates (id,code,unit_code,phase_id,min_level,title,suggested_owner,suggested_checker,note) VALUES ('a1fa2874-96c5-4473-a512-fc50c775781d','TT-0032','CT','T72',2,'Phân công người phụ trách chính + thay thế từng tòa','Mr Hiển','Mr Thi',NULL);
INSERT INTO task_templates (id,code,unit_code,phase_id,min_level,title,suggested_owner,suggested_checker,note) VALUES ('5178dc91-cff4-48dd-bbda-7c23a7202a86','TT-0033','CT','T72',2,'Lập danh sách lực lượng trực + số điện thoại','Mr Hiển','Mr Thi',NULL);
INSERT INTO task_templates (id,code,unit_code,phase_id,min_level,title,suggested_owner,suggested_checker,note) VALUES ('1781c13f-52b6-4592-ac54-a1a648ebad35','TT-0034','CT','T72',2,'Kiểm kê vật tư, CCDC, máy bơm, máy phát, nhiên liệu — sẵn sàng 100%','Mr Tiến + Mr Hải + Mr Viên','Mr Hiển',NULL);
INSERT INTO task_templates (id,code,unit_code,phase_id,min_level,title,suggested_owner,suggested_checker,note) VALUES ('48d3e8fc-e932-48b8-843e-956216d03f06','TT-0035','CT','T72',2,'Nạo vét toàn bộ hố ga, mương thoát nước','Mr Hải + NT Tuấn Giáo','Mr Hiển',NULL);
INSERT INTO task_templates (id,code,unit_code,phase_id,min_level,title,suggested_owner,suggested_checker,note) VALUES ('44015ef3-81ac-4688-b3a6-2169b985077d','TT-0036','CT','T72',2,'Kiểm tra hàng rào, biển báo, nhà tạm, container','Mr Dân','Mr Hiển',NULL);
INSERT INTO task_templates (id,code,unit_code,phase_id,min_level,title,suggested_owner,suggested_checker,note) VALUES ('e6463aad-d54d-4a2f-bd8b-80ea7b9e8bc6','TT-0037','CT','T72',2,'Chụp ảnh hiện trạng các cụm tòa (hồ sơ trước bão)','KS hiện trường cụm','Mr Hiển',NULL);
INSERT INTO task_templates (id,code,unit_code,phase_id,min_level,title,suggested_owner,suggested_checker,note) VALUES ('29cd33fd-b9be-40f9-ad68-bf1003cbb52c','TT-0038','CT','T72',2,'Thông báo thời điểm dự kiến dừng thi công','Mr Thi','—',NULL);
INSERT INTO task_templates (id,code,unit_code,phase_id,min_level,title,suggested_owner,suggested_checker,note) VALUES ('5fd177e8-a60f-4b5f-9171-d1d48c4a8b68','TT-0039','CT','T48',2,'Theo dõi tin bão liên tục; chốt thời điểm dừng thi công, thông báo toàn công trường','Mr Hiển','Mr Thi',NULL);
INSERT INTO task_templates (id,code,unit_code,phase_id,min_level,title,suggested_owner,suggested_checker,note) VALUES ('85f6ff5d-c5b1-40a1-80bf-441c17f57312','TT-0040','CT','T24',2,'Vận thăng lồng về tầng thấp nhất, ngắt điện','Mr Bằng','Mr Dân',NULL);
INSERT INTO task_templates (id,code,unit_code,phase_id,min_level,title,suggested_owner,suggested_checker,note) VALUES ('ec78eaea-4096-4919-b019-0aea4d9bc2db','TT-0041','CT','T24',2,'Cẩu tháp về trạng thái an toàn, thả phanh quay tự do','Mr Tuấn Anh','Mr Dân','Dự báo ≥cấp 13: tháo hẳn cần theo khuyến cáo Sở Xây dựng');
INSERT INTO task_templates (id,code,unit_code,phase_id,min_level,title,suggested_owner,suggested_checker,note) VALUES ('4b28159e-443f-451b-8738-117892ce87be','TT-0042','CT','T24',2,'Đưa ô tô, máy xúc, thiết bị ngoài trời về vị trí an toàn','Mr Khánh · Mr Thơ','Mr Viên',NULL);
INSERT INTO task_templates (id,code,unit_code,phase_id,min_level,title,suggested_owner,suggested_checker,note) VALUES ('c2731c9a-f3b0-4f68-9858-53abdd744c86','TT-0043','CT','T24',2,'Thu dọn vật tư từ tầng hầm đến mái, sắp xếp vào trong công trình','Nhà thầu thi công','KS hiện trường cụm',NULL);
INSERT INTO task_templates (id,code,unit_code,phase_id,min_level,title,suggested_owner,suggested_checker,note) VALUES ('57fd8792-9681-4b14-90ec-a2b58f62bfd5','TT-0044','CT','T24',2,'Thu dọn vật tư trên mái/tum – che đậy, chằng buộc, gia cố','Nhà thầu thi công','KS hiện trường cụm',NULL);
INSERT INTO task_templates (id,code,unit_code,phase_id,min_level,title,suggested_owner,suggested_checker,note) VALUES ('2cc9f6af-33ec-4e0d-977a-936b32f82c5c','TT-0045','CT','T24',2,'Kho vật tư: đóng cửa, kiểm tra mái kho chống dột ướt vật tư','Mr Vụ','Mr Hiển',NULL);
INSERT INTO task_templates (id,code,unit_code,phase_id,min_level,title,suggested_owner,suggested_checker,note) VALUES ('56529271-a560-478c-955a-fddd12ba6888','TT-0046','CT','T24',2,'Gia cố hệ giàn giáo, vật tư có nguy cơ đổ vỡ','Nhà thầu thi công','KS hiện trường cụm',NULL);
INSERT INTO task_templates (id,code,unit_code,phase_id,min_level,title,suggested_owner,suggested_checker,note) VALUES ('af7c050d-5571-497b-aaf4-03acaefc430b','TT-0047','CT','T24',2,'Bơm đầy nước các téc mái + cố định chắc chắn chống lật','Mr Hải','Mr Tiến (TVGS)',NULL);
INSERT INTO task_templates (id,code,unit_code,phase_id,min_level,title,suggested_owner,suggested_checker,note) VALUES ('478631d4-0f7c-4068-8057-1ce312c0fe17','TT-0048','CT','T24',2,'Vệ sinh lối thoát nước từ mái xuống','Nhà thầu nước','Mr Tiến (TVGS)',NULL);
INSERT INTO task_templates (id,code,unit_code,phase_id,min_level,title,suggested_owner,suggested_checker,note) VALUES ('d4cb8645-4b13-4472-b0ba-d455fdcd4ced','TT-0049','CT','T24',2,'Lắp đặt + chạy thử máy bơm chống úng tại hầm các cụm tòa','Mr Phức','Mr Hải',NULL);
INSERT INTO task_templates (id,code,unit_code,phase_id,min_level,title,suggested_owner,suggested_checker,note) VALUES ('4e7a4007-8437-48b3-a8c0-e55894776160','TT-0050','CT','T24',2,'Kiểm tra logia, ga thu, ống chờ thoát nước mái → hầm','Nhà thầu nước','Mr Tiến (TVGS)',NULL);
INSERT INTO task_templates (id,code,unit_code,phase_id,min_level,title,suggested_owner,suggested_checker,note) VALUES ('594e7d22-4dc9-41a9-bb57-18a7bd7be362','TT-0051','CT','T24',2,'Khơi thông hố ga, miệng thu, cống rãnh hạ tầng — không để rác bùn bịt tắc','Mr Lộc','Mr Hiển',NULL);
INSERT INTO task_templates (id,code,unit_code,phase_id,min_level,title,suggested_owner,suggested_checker,note) VALUES ('c6b0a188-4070-4785-8aa1-daa20ff3cd5a','TT-0052','CT','T24',2,'Gia cố biển hiệu trên cao, hàng rào tôn, cổng, container, mái kho','Mr Lộc','Mr Hiển',NULL);
INSERT INTO task_templates (id,code,unit_code,phase_id,min_level,title,suggested_owner,suggested_checker,note) VALUES ('aa83c17d-bb7e-4c75-8d09-764dd865d08c','TT-0053','CT','T24',2,'Gia cố cây xanh mới trồng + cọc chống','Mr Huyên','Mr Hiển',NULL);
INSERT INTO task_templates (id,code,unit_code,phase_id,min_level,title,suggested_owner,suggested_checker,note) VALUES ('49dd64cb-5097-4eba-a5f1-8f55977c1adb','TT-0054','CT','T12',2,'Ngắt toàn bộ điện thi công — chỉ duy trì nguồn máy bơm chống ngập','Mr Hải','Mr Hiển',NULL);
INSERT INTO task_templates (id,code,unit_code,phase_id,min_level,title,suggested_owner,suggested_checker,note) VALUES ('256a4bff-0a5a-474c-8f80-a000f85a73d6','TT-0055','CT','T12',2,'Đóng toàn bộ cửa các tầng; kiểm tra kính siêu thị + dãy chia lô, không để gió lùa nước hắt','Luyến · Khánh · Thơ · Ngay','Mr Viên',NULL);
INSERT INTO task_templates (id,code,unit_code,phase_id,min_level,title,suggested_owner,suggested_checker,note) VALUES ('4926e0dc-d294-4253-8d24-3baa01a52431','TT-0056','CT','T12',2,'Chụp ảnh hiện trạng trước bão; chốt danh sách người trực + SĐT liên hệ','Mr Hiển','Mr Thi',NULL);
INSERT INTO task_templates (id,code,unit_code,phase_id,min_level,title,suggested_owner,suggested_checker,note) VALUES ('71dc2a65-5e29-4644-af7b-af1f4a947c14','TT-0057','CT','T6',2,'KIỂM TRA LẦN CUỐI: không còn người & vật tư tại khu vực nguy hiểm — báo cáo xác nhận','Mr Hiển','Mr Thi',NULL);
INSERT INTO task_templates (id,code,unit_code,phase_id,min_level,title,suggested_owner,suggested_checker,note) VALUES ('68154567-971e-4b01-80da-ba49734094c0','TT-0058','CT','DUR',3,'Trực máy bơm hầm & khu trũng theo ca — vận hành ngay khi nước dâng','Mr Hải · Mr Phức','Mr Hiển',NULL);
INSERT INTO task_templates (id,code,unit_code,phase_id,min_level,title,suggested_owner,suggested_checker,note) VALUES ('fb34633e-996c-48d3-a6c4-3b1afd2a1440','TT-0059','CT','DUR',3,'Kiểm soát nguồn điện cấp bơm; trục trặc → thay máy dự phòng','Mr Hải · Mr Phức','Mr Hiển',NULL);
INSERT INTO task_templates (id,code,unit_code,phase_id,min_level,title,suggested_owner,suggested_checker,note) VALUES ('61b5502e-8985-4e15-bd21-7278919d66e9','TT-0060','CT','DUR',3,'Bố trí cán bộ + tổ đội ứng trực suốt thời gian bão; điểm danh từng ca','Mr Hiển','Mr Thi',NULL);
INSERT INTO task_templates (id,code,unit_code,phase_id,min_level,title,suggested_owner,suggested_checker,note) VALUES ('8a0549e7-9f1d-4bee-83f7-586d52640cbf','TT-0061','CT','DUR',3,'Báo cáo NGAY khi: ngập hầm · mất điện/bơm hỏng · cửa kính bung · giàn giáo/hàng rào nguy cơ đổ · nước vào khu hoàn thiện','Người phát hiện','Mr Hiển',NULL);
INSERT INTO task_templates (id,code,unit_code,phase_id,min_level,title,suggested_owner,suggested_checker,note) VALUES ('d3f4e0f0-83aa-4870-b642-16acfebb1192','TT-0062','CT','DUR',3,'CẤM đưa người ra xử lý cửa, mái, kính, giàn giáo, cẩu tháp khi điều kiện không an toàn','Mr Hiển','Mr Thi',NULL);
INSERT INTO task_templates (id,code,unit_code,phase_id,min_level,title,suggested_owner,suggested_checker,note) VALUES ('073600a7-8166-42af-ae6f-b9bab9a5f41f','TT-0063','CT','R0',3,'Kiểm tra toàn hiện trường từ hầm đến mái — xác định hư hỏng, sự cố do bão','KS hiện trường cụm','Mr Hiển',NULL);
INSERT INTO task_templates (id,code,unit_code,phase_id,min_level,title,suggested_owner,suggested_checker,note) VALUES ('7220c6b2-7e16-4df7-9152-af81dc586c03','TT-0064','CT','R0',3,'Kiểm tra an toàn hệ thống điện thi công trước khi cấp lại','Mr Hải','Mr Hiển',NULL);
INSERT INTO task_templates (id,code,unit_code,phase_id,min_level,title,suggested_owner,suggested_checker,note) VALUES ('f1f59251-054e-4ab2-9064-38bb0392baa5','TT-0065','CT','R0',3,'Khoanh vùng, rào chắn khu vực nguy hiểm (kính vỡ, giàn giáo nghiêng, trần võng)','Mr Dân','Mr Hiển',NULL);
INSERT INTO task_templates (id,code,unit_code,phase_id,min_level,title,suggested_owner,suggested_checker,note) VALUES ('3966b463-7923-4918-9ba0-b482d4a1f8d0','TT-0066','CT','R24',3,'Bơm thoát nước tầng hầm & khu vực ngập','Mr Hải','Mr Hiển',NULL);
INSERT INTO task_templates (id,code,unit_code,phase_id,min_level,title,suggested_owner,suggested_checker,note) VALUES ('6b404fd0-bb91-4e84-9c08-9bf87bcf3880','TT-0067','CT','R24',3,'Kiểm tra cửa, kính, mái, kho, vật tư; đặc biệt trần thạch cao tầng 1 nguy cơ sập võng','Mr Viên · Mr Vụ','Mr Hiển',NULL);
INSERT INTO task_templates (id,code,unit_code,phase_id,min_level,title,suggested_owner,suggested_checker,note) VALUES ('4b507381-3d09-4d80-ac91-435a22aa88b1','TT-0068','CT','R24',3,'Kiểm tra giàn giáo ngoài, vận thăng, cẩu tháp, máy móc TRƯỚC khi vận hành lại','Mr Dân + đội giàn giáo','Mr Hiển',NULL);
INSERT INTO task_templates (id,code,unit_code,phase_id,min_level,title,suggested_owner,suggested_checker,note) VALUES ('764467d1-bb3c-4e58-8ae4-a6a784c1ed2a','TT-0069','CT','R24',3,'Thu dọn nước-bùn-rác; khơi thông lại hố ga, cống rãnh','NT Tuấn Giáo','Mr Lộc',NULL);
INSERT INTO task_templates (id,code,unit_code,phase_id,min_level,title,suggested_owner,suggested_checker,note) VALUES ('db31a956-8d70-44f1-8ade-ff88791b93e6','TT-0070','CT','R72',3,'Sửa chữa hạng mục hư hỏng; xử lý cửa kính, cửa nhôm, cửa kho bung kẹt','NT liên quan + đội nhôm kính','KS hiện trường cụm',NULL);
INSERT INTO task_templates (id,code,unit_code,phase_id,min_level,title,suggested_owner,suggested_checker,note) VALUES ('c1ff2fb3-d03d-4f7e-96dc-7dc49d37f2a7','TT-0071','CT','R72',3,'Gia cố lại giàn giáo, hàng rào, cây xanh','Mr Huyên','Mr Hiển',NULL);
INSERT INTO task_templates (id,code,unit_code,phase_id,min_level,title,suggested_owner,suggested_checker,note) VALUES ('7033b718-9953-455a-af17-4d1fb2ab19fd','TT-0072','CT','R72',3,'Xử lý vật tư ướt/đổ/hỏng; sắp xếp lại vật tư máy móc trước khi thi công','Mr Vụ + NT thi công','KS hiện trường cụm',NULL);
INSERT INTO task_templates (id,code,unit_code,phase_id,min_level,title,suggested_owner,suggested_checker,note) VALUES ('ab62cfad-abda-42d9-bf31-0fd10342ecda','TT-0073','CT','R72',3,'Kiểm kê thiệt hại, chụp ảnh hiện trạng sau bão, lập biên bản','Mr Vụ + KS cụm','Mr Hiển',NULL);
INSERT INTO task_templates (id,code,unit_code,phase_id,min_level,title,suggested_owner,suggested_checker,note) VALUES ('cab49c0c-fef4-4f78-9354-bfdc165cccab','TT-0074','CT','R7',3,'Tổng hợp thiệt hại báo cáo Ban lãnh đạo; biên bản xử lý hư hỏng','Mr Hiển','Mr Thi',NULL);
INSERT INTO task_templates (id,code,unit_code,phase_id,min_level,title,suggested_owner,suggested_checker,note) VALUES ('02cd3969-4c26-43b1-bc2c-ae4d77c72d4a','TT-0075','CT','R7',3,'Lệnh thi công trở lại — chỉ sau khi điện, giàn giáo, vận thăng, cẩu, kính đã xác nhận an toàn','Giám đốc dự án','—',NULL);
INSERT INTO task_templates (id,code,unit_code,phase_id,min_level,title,suggested_owner,suggested_checker,note) VALUES ('7c2b23b9-be37-4c24-9e76-9c7e55f2e970','TT-0076','TN','T48',2,'Tầng 20: kiểm tra giằng kéo biển chữ trên mái','Tổ Bảo trì','Trưởng BQL Quang',NULL);
INSERT INTO task_templates (id,code,unit_code,phase_id,min_level,title,suggested_owner,suggested_checker,note) VALUES ('3ccf946c-dcbf-47a1-a4ae-8ea822cfb61f','TT-0077','TN','T48',2,'Tầng 20: giằng níu téc nước, mái bể nước','Tổ Bảo trì','Trưởng BQL Quang',NULL);
INSERT INTO task_templates (id,code,unit_code,phase_id,min_level,title,suggested_owner,suggested_checker,note) VALUES ('7fba7900-1db7-41f6-be1c-816f2d0abc88','TT-0078','TN','T48',2,'Tầng 20: vệ sinh rãnh thoát nước; chuyển vật tư còn sót xuống','Tổ Vệ sinh','Trưởng BQL Quang',NULL);
INSERT INTO task_templates (id,code,unit_code,phase_id,min_level,title,suggested_owner,suggested_checker,note) VALUES ('a8c77473-89b8-4310-a6b5-185ff5c475ef','TT-0079','TN','T48',2,'Tầng 20: khóa, chèn cửa phòng máy & lối lên mái téc nước','Tổ Bảo vệ','Trưởng BQL Quang',NULL);
INSERT INTO task_templates (id,code,unit_code,phase_id,min_level,title,suggested_owner,suggested_checker,note) VALUES ('fe0191a5-24e3-4dd0-9939-42b7dbf797ce','TT-0080','TN','T24',2,'Hành lang tầng 2–19: chốt cửa thang thoát hiểm + cửa sổ đầu hồi','Tổ Bảo vệ','Trưởng BQL Quang',NULL);
INSERT INTO task_templates (id,code,unit_code,phase_id,min_level,title,suggested_owner,suggested_checker,note) VALUES ('98d4dd84-763c-472a-96cb-a361b61f4d03','TT-0081','TN','T24',2,'Vệ sinh ga thoát nước tầng 2, sảnh phụ lộ thiên, hố ga lõi tầng 2','Tổ Vệ sinh','Trưởng BQL Quang',NULL);
INSERT INTO task_templates (id,code,unit_code,phase_id,min_level,title,suggested_owner,suggested_checker,note) VALUES ('62aaf9c5-101e-4d34-b87b-216061a8d46b','TT-0082','TN','T24',2,'Sửa các cửa bung bật bản lề (nếu có)','Tổ Bảo trì','Trưởng BQL Quang',NULL);
INSERT INTO task_templates (id,code,unit_code,phase_id,min_level,title,suggested_owner,suggested_checker,note) VALUES ('0333cac5-b413-4536-9811-59c3adfe3411','TT-0083','TN','T24',2,'Tầng 1: chuẩn bị bao cát tại cửa kính sảnh; nhắc kiot chèn khóa cửa nhôm kính','Tổ Bảo vệ','Trưởng BQL Quang',NULL);
INSERT INTO task_templates (id,code,unit_code,phase_id,min_level,title,suggested_owner,suggested_checker,note) VALUES ('ef93f1cc-55a2-451d-a1fb-aab590fac12a','TT-0084','TN','T24',2,'Tầng 1: kiểm tra cửa kỹ thuật thoát hiểm; sửa cửa nhôm lỏng hỏng','Tổ Bảo trì','Trưởng BQL Quang',NULL);
INSERT INTO task_templates (id,code,unit_code,phase_id,min_level,title,suggested_owner,suggested_checker,note) VALUES ('7cc1b458-b5cc-4829-ab37-2e87a3590310','TT-0085','TN','T24',2,'Chạy thử máy phát điện + bơm nước; kiểm tra cấp điện khu công cộng','Tổ Bảo trì','Trưởng BQL Quang',NULL);
INSERT INTO task_templates (id,code,unit_code,phase_id,min_level,title,suggested_owner,suggested_checker,note) VALUES ('56076105-033a-41c7-8341-38bf78877a8b','TT-0086','TN','T24',2,'Tầng hầm: kiểm tra bơm chống ngập B1+B2; vệ sinh rãnh, hố ga; bao cát cửa hầm','Bảo trì + Vệ sinh + Bảo vệ','Trưởng BQL Quang',NULL);
INSERT INTO task_templates (id,code,unit_code,phase_id,min_level,title,suggested_owner,suggested_checker,note) VALUES ('298eec87-1f4f-4207-bc09-6b92aa76a7fb','TT-0087','TN','T24',2,'Đường nội bộ: nhà xe điện, ổ điện, tủ điện ngoài trời — NGẮT ĐIỆN khi mưa bão','Tổ Bảo trì','Trưởng BQL Quang',NULL);
INSERT INTO task_templates (id,code,unit_code,phase_id,min_level,title,suggested_owner,suggested_checker,note) VALUES ('68930ead-7272-4abd-8278-bd84a031bcd4','TT-0088','TN','T24',2,'Kiểm tra bốt bảo vệ (chân bốt, mối hàn); chuẩn bị công cụ tháo rào chắn xuống hầm','Tổ Bảo vệ','Trưởng BQL Quang',NULL);
INSERT INTO task_templates (id,code,unit_code,phase_id,min_level,title,suggested_owner,suggested_checker,note) VALUES ('8d592a31-6346-43d7-b077-79678988b9a5','TT-0089','TN','T24',2,'Vệ sinh rãnh thoát, hố ga thu nước; cắt tỉa cây xanh','Tổ Vệ sinh','Trưởng BQL Quang',NULL);
INSERT INTO task_templates (id,code,unit_code,phase_id,min_level,title,suggested_owner,suggested_checker,note) VALUES ('e3d2657e-3a55-4bd8-9b32-d0c2be5ed9a6','TT-0090','TN','T24',2,'Mượn phòng SHCĐ (làm việc với BQT) cho nhân viên nghỉ trực tại dự án','BQL','Ban Giám đốc QLN',NULL);
INSERT INTO task_templates (id,code,unit_code,phase_id,min_level,title,suggested_owner,suggested_checker,note) VALUES ('f0dce33a-6e01-4c84-b665-cba544ecba45','TT-0091','TN','T24',2,'Thông báo cư dân + kiot: loa 2 lần/ngày, dán bảng tin, Zalo cư dân','BQL','Ban Giám đốc QLN',NULL);
INSERT INTO task_templates (id,code,unit_code,phase_id,min_level,title,suggested_owner,suggested_checker,note) VALUES ('2109121e-f7db-485f-8d42-ac0867f5847a','TT-0092','ECO','T48',2,'Tầng 20: giằng kéo biển chữ; giằng níu téc nước, mái bể','Tổ Bảo trì','Trưởng ban Nguyễn Văn Mạnh',NULL);
INSERT INTO task_templates (id,code,unit_code,phase_id,min_level,title,suggested_owner,suggested_checker,note) VALUES ('db7a0d9d-2c1c-4ed2-9e76-de0141e914eb','TT-0093','ECO','T48',2,'Tầng 20: vệ sinh rãnh thoát; chuyển vật tư sót xuống; khóa chèn cửa phòng máy','Vệ sinh + Bảo vệ','Trưởng ban Nguyễn Văn Mạnh',NULL);
INSERT INTO task_templates (id,code,unit_code,phase_id,min_level,title,suggested_owner,suggested_checker,note) VALUES ('e30835c6-d8d3-4573-bbcf-df998a2ac842','TT-0094','ECO','T24',2,'Hành lang 2–19: chốt cửa ban công phụ thang thoát hiểm giữa nhà + cửa sổ đầu hồi phía thang hàng','Tổ Bảo vệ','Trưởng ban Nguyễn Văn Mạnh',NULL);
INSERT INTO task_templates (id,code,unit_code,phase_id,min_level,title,suggested_owner,suggested_checker,note) VALUES ('b480a3a6-57ce-482c-91c1-ca295daebfdf','TT-0095','ECO','T24',2,'Vệ sinh ga thoát nước ban công phụ thang giữa nhà; sửa cửa bung bản lề','Vệ sinh + Bảo trì','Trưởng ban Nguyễn Văn Mạnh',NULL);
INSERT INTO task_templates (id,code,unit_code,phase_id,min_level,title,suggested_owner,suggested_checker,note) VALUES ('4445e10a-c5a2-46a6-b207-c80fcd331ed8','TT-0096','ECO','T24',2,'Tầng 1: bao cát cửa kính sảnh; nhắc kiot chèn khóa; kiểm tra cửa kỹ thuật thoát hiểm','Bảo vệ + Bảo trì','Trưởng ban Nguyễn Văn Mạnh',NULL);
INSERT INTO task_templates (id,code,unit_code,phase_id,min_level,title,suggested_owner,suggested_checker,note) VALUES ('72cfe198-a76b-4888-8892-e71813a40e29','TT-0097','ECO','T24',2,'Chạy thử máy phát + bơm nước; kiểm tra điện công cộng','Tổ Bảo trì','Trưởng ban Nguyễn Văn Mạnh',NULL);
INSERT INTO task_templates (id,code,unit_code,phase_id,min_level,title,suggested_owner,suggested_checker,note) VALUES ('8466cb4f-f14f-4866-a768-d7dbb29c9370','TT-0098','ECO','T24',2,'Hầm B1+B2: kiểm tra bơm chống ngập; vệ sinh rãnh hố ga; bao cát cửa hầm','Bảo trì + Vệ sinh + Bảo vệ','Trưởng ban Nguyễn Văn Mạnh','⚠ ECO chưa có bơm dự phòng — mượn/điều phối từ CTN hoặc thuê ngay khi kích hoạt CAM');
INSERT INTO task_templates (id,code,unit_code,phase_id,min_level,title,suggested_owner,suggested_checker,note) VALUES ('8d882e4f-7d5d-45e5-8d1b-d466b48f2aff','TT-0099','ECO','T24',2,'Chèn bịt cửa trạm biến áp, phòng bơm','Tổ Bảo vệ','Trưởng ban Nguyễn Văn Mạnh',NULL);
INSERT INTO task_templates (id,code,unit_code,phase_id,min_level,title,suggested_owner,suggested_checker,note) VALUES ('8574649d-5b07-440f-93f7-09f4ee79fc67','TT-0100','ECO','T24',2,'Đường nội bộ: nhà xe điện, tủ điện ngoài trời (ngắt khi mưa); bốt bảo vệ; rào chắn hầm; rãnh + hố ga; cắt tỉa cây','BV + BT + VS','Trưởng ban Nguyễn Văn Mạnh',NULL);
INSERT INTO task_templates (id,code,unit_code,phase_id,min_level,title,suggested_owner,suggested_checker,note) VALUES ('708c28bf-662c-4ebf-b434-f7b45696974a','TT-0101','ECO','T24',2,'Mượn phòng SHCĐ N1-N2 (BV), tầng 20 N2 (VS), dự phòng SHCĐ N3 cho lực lượng trực','BQL','Ban Giám đốc QLN',NULL);
INSERT INTO task_templates (id,code,unit_code,phase_id,min_level,title,suggested_owner,suggested_checker,note) VALUES ('99ee356f-4ec8-46c8-b7a8-62daa55c00e0','TT-0102','ECO','T24',2,'Thông báo cư dân + kiot: loa 2 lần/ngày, bảng tin, Zalo','BQL','Ban Giám đốc QLN',NULL);
INSERT INTO task_templates (id,code,unit_code,phase_id,min_level,title,suggested_owner,suggested_checker,note) VALUES ('71b798a5-5481-4de5-9e77-7cebc962f60a','TT-0103','CTN','T48',2,'Tầng 20+21: giằng téc nước, duy trì đầy nước các téc; vệ sinh rãnh thoát, lá cây','Bảo trì + Vệ sinh','Cô Gấm (Trưởng ban)',NULL);
INSERT INTO task_templates (id,code,unit_code,phase_id,min_level,title,suggested_owner,suggested_checker,note) VALUES ('17d9d364-c0df-490e-a291-0ac114b8bf7c','TT-0104','CTN','T48',2,'Hạ giàn cây lan, chậu cây xuống đất; gia cố cửa kính ra sân','Bảo vệ + Bảo trì','Cô Gấm (Trưởng ban)',NULL);
INSERT INTO task_templates (id,code,unit_code,phase_id,min_level,title,suggested_owner,suggested_checker,note) VALUES ('bf06cbe5-75cb-4aa2-8e7e-d1bbbaa9f488','TT-0105','CTN','T48',2,'Gia cố + chèn bịt cửa ra ban công sau phòng karaoke','Tổ Bảo trì','Cô Gấm (Trưởng ban)',NULL);
INSERT INTO task_templates (id,code,unit_code,phase_id,min_level,title,suggested_owner,suggested_checker,note) VALUES ('893a1b8e-719f-4915-a2e3-4584fc1b0229','TT-0106','CTN','T24',2,'Gia cố cửa kính 2 cầu thang; chốt chắc cửa sổ cầu thang bộ','Bảo trì + Bảo vệ','Cô Gấm (Trưởng ban)',NULL);
INSERT INTO task_templates (id,code,unit_code,phase_id,min_level,title,suggested_owner,suggested_checker,note) VALUES ('e00529c4-929d-4538-bdd6-18af7bd13e65','TT-0107','CTN','T24',2,'Tầng 1: tháo bóng cao áp sân pickleball (tùy thời tiết); thu gom chậu cây quanh đường nội bộ','Bảo trì + Bảo vệ','Cô Gấm (Trưởng ban)',NULL);
INSERT INTO task_templates (id,code,unit_code,phase_id,min_level,title,suggested_owner,suggested_checker,note) VALUES ('594c0f8a-9051-46b1-ab8b-eba17c83a32d','TT-0108','CTN','T24',2,'Chạy thử máy phát – bơm nước; dọn lối quanh máy phát để thao tác tiếp dầu','Bảo trì + Bảo vệ','Cô Gấm (Trưởng ban)',NULL);
INSERT INTO task_templates (id,code,unit_code,phase_id,min_level,title,suggested_owner,suggested_checker,note) VALUES ('b73927c4-a800-473c-a529-19cfc408b111','TT-0109','CTN','T24',2,'Hầm: kiểm tra 2 bơm chống ngập; lắp sẵn tấm chắn nước cửa phụ; chuẩn bị bao cát chặn cửa hầm (tồn 25 bao)','Bảo trì + Bảo vệ','Cô Gấm (Trưởng ban)',NULL);
INSERT INTO task_templates (id,code,unit_code,phase_id,min_level,title,suggested_owner,suggested_checker,note) VALUES ('b6307e76-1db5-4e7a-bbc8-f4785baf4b1c','TT-0110','CTN','T24',2,'Di chuyển xe lãnh đạo gửi hầm xuống Yên Phong (tùy diễn biến)','Anh Tường','Cô Gấm (Trưởng ban)',NULL);
INSERT INTO task_templates (id,code,unit_code,phase_id,min_level,title,suggested_owner,suggested_checker,note) VALUES ('4ae32229-d7bc-46bb-beba-661a089f6700','TT-0111','CTN','T24',2,'Căn hộ: bổ sung chốt cửa ban công các căn chưa lắp đợt trước','Tổ Bảo trì','Cô Gấm (Trưởng ban)',NULL);
INSERT INTO task_templates (id,code,unit_code,phase_id,min_level,title,suggested_owner,suggested_checker,note) VALUES ('bd54074b-b65e-4837-a6b1-8fc2da0b3662','TT-0112','CTN','T24',2,'Văn phòng tầng 3+4: đóng chốt cửa ban công; gia cố giữ vách kính','Tổ Bảo trì','Cô Gấm (Trưởng ban)',NULL);
INSERT INTO task_templates (id,code,unit_code,phase_id,min_level,title,suggested_owner,suggested_checker,note) VALUES ('a5daad1b-8a3d-48ce-b2ae-a58d3a54caef','TT-0113','CTN','T24',2,'Thông báo cư dân + kiot: loa 2 lần/ngày, bảng tin, Zalo','BQL','Ban Giám đốc QLN',NULL);
INSERT INTO task_templates (id,code,unit_code,phase_id,min_level,title,suggested_owner,suggested_checker,note) VALUES ('76c82388-d482-4c84-941a-22af61448c8f','TT-0114','CTSYP','T48',2,'Tầng 10: giằng biển chữ; giằng níu téc nước mái bể; vệ sinh rãnh thoát','Bảo trì + Vệ sinh','Trưởng BQL CTS-YP',NULL);
INSERT INTO task_templates (id,code,unit_code,phase_id,min_level,title,suggested_owner,suggested_checker,note) VALUES ('20076e31-7c96-4bb6-88c6-702c7ccff6d1','TT-0115','CTSYP','T48',2,'Tầng 10: chuyển vật tư sót xuống; khóa chèn cửa phòng máy, phòng thờ, lối lên mái','Vệ sinh + Bảo vệ','Trưởng BQL CTS-YP',NULL);
INSERT INTO task_templates (id,code,unit_code,phase_id,min_level,title,suggested_owner,suggested_checker,note) VALUES ('9f3a17f6-2770-40c5-9c6a-8256456945d7','TT-0116','CTSYP','T24',2,'Hành lang 2–9: chốt cửa ban công phụ + cửa sổ đầu hồi; vệ sinh ga thoát thang giữa nhà; sửa cửa bung bản lề','BV + VS + BT','Trưởng BQL CTS-YP',NULL);
INSERT INTO task_templates (id,code,unit_code,phase_id,min_level,title,suggested_owner,suggested_checker,note) VALUES ('8ef9b8d7-00a0-4d18-9207-0d5bdac81176','TT-0117','CTSYP','T24',2,'Sân tầng 2: thu dọn ghế, ô che, vật rời','Tổ Vệ sinh','Trưởng BQL CTS-YP',NULL);
INSERT INTO task_templates (id,code,unit_code,phase_id,min_level,title,suggested_owner,suggested_checker,note) VALUES ('511b0f15-d5c1-49d6-b307-c905781556b7','TT-0118','CTSYP','T24',2,'Tầng 1: bao cát cửa kính sảnh; kiểm tra kính tầng 1 + cửa kỹ thuật thoát hiểm','BV + BT','Trưởng BQL CTS-YP',NULL);
INSERT INTO task_templates (id,code,unit_code,phase_id,min_level,title,suggested_owner,suggested_checker,note) VALUES ('aee08dc5-39ce-4547-9412-721e4ef8dcae','TT-0119','CTSYP','T24',2,'Chạy thử máy phát – bơm nước; kiểm tra TRẠM BIẾN ÁP','Tổ Bảo trì','Trưởng BQL CTS-YP',NULL);
INSERT INTO task_templates (id,code,unit_code,phase_id,min_level,title,suggested_owner,suggested_checker,note) VALUES ('27dc7a79-f082-473b-8ae8-c7838a9b4237','TT-0120','CTSYP','T24',2,'Hầm: bơm chống ngập; vệ sinh rãnh hố ga; bao cát cửa hầm','BT + VS + BV','Trưởng BQL CTS-YP',NULL);
INSERT INTO task_templates (id,code,unit_code,phase_id,min_level,title,suggested_owner,suggested_checker,note) VALUES ('3bffd430-e95c-4a69-9fbe-ee442d1ff305','TT-0121','CTSYP','T24',2,'Đường nội bộ: nhà xe điện + tủ điện ngoài trời (ngắt khi mưa); bốt bảo vệ; rào chắn; rãnh hố ga; cắt tỉa cây','BV + BT + VS','Trưởng BQL CTS-YP',NULL);
INSERT INTO task_templates (id,code,unit_code,phase_id,min_level,title,suggested_owner,suggested_checker,note) VALUES ('b769487f-cfa2-4da3-b797-d2a2d490fdf2','TT-0122','CTSYP','T24',2,'Chuẩn bị phòng SHCĐ cho nhân viên ở lại trực (BV: SHCĐ M1 · VS: phòng điện M2 · dự phòng SHCĐ M2)','BQL','Ban Giám đốc QLN',NULL);
INSERT INTO task_templates (id,code,unit_code,phase_id,min_level,title,suggested_owner,suggested_checker,note) VALUES ('7f7af6ff-c94d-4346-abdf-c9db5f9a7958','TT-0123','CTSYP','T24',2,'Thông báo cư dân: loa 2 lần/ngày, bảng tin, Zalo','BQL','Ban Giám đốc QLN',NULL);
INSERT INTO task_templates (id,code,unit_code,phase_id,min_level,title,suggested_owner,suggested_checker,note) VALUES ('ae7b5c6b-7db3-4d2e-906c-666c5e488da8','TT-0124','NHAM','T24',2,'Kiểm tra 2 máy bơm chìm chống úng; chạy thử không tải','Tổ Bảo trì','Nguyễn Sỹ Mạnh Hùng (hậu cần)',NULL);
INSERT INTO task_templates (id,code,unit_code,phase_id,min_level,title,suggested_owner,suggested_checker,note) VALUES ('7958db80-5307-4d6f-994b-49fdb5a12403','TT-0125','NHAM','T24',2,'Chốt cửa hành lang, cửa sổ đầu hồi 2 tòa; khóa chèn phòng kỹ thuật','Tổ Bảo vệ','Trưởng BQL Nhà M',NULL);
INSERT INTO task_templates (id,code,unit_code,phase_id,min_level,title,suggested_owner,suggested_checker,note) VALUES ('77a13060-3eec-4a88-8b3d-4f5a82d9bb17','TT-0126','NHAM','T24',2,'Vệ sinh rãnh thoát, hố ga; chuẩn bị dụng cụ xử lý cây đổ (dao rựa, rìu đã mài bén)','Vệ sinh + Bảo trì','Trưởng BQL Nhà M',NULL);
INSERT INTO task_templates (id,code,unit_code,phase_id,min_level,title,suggested_owner,suggested_checker,note) VALUES ('046ef81a-5cbc-45db-8272-72c92ead99a5','TT-0127','NHAM','T24',2,'Thông báo cư dân 200 căn: loa + Zalo + bảng tin','BQL','Ban Giám đốc QLN',NULL);
INSERT INTO task_templates (id,code,unit_code,phase_id,min_level,title,suggested_owner,suggested_checker,note) VALUES ('6642c31a-3411-4fd5-8a4e-d4bf1e6af47c','TT-0128','TTDY','T48',2,'Tầng 11-12: giằng biển chữ; giằng téc nước; vệ sinh rãnh; chuyển vật tư sót; khóa phòng máy/phòng thờ','Khách sạn + Bảo trì QLN','Ms Quỳnh (QLCL)',NULL);
INSERT INTO task_templates (id,code,unit_code,phase_id,min_level,title,suggested_owner,suggested_checker,note) VALUES ('9a385b8f-2d5c-4e71-a689-5d30ad66469f','TT-0129','TTDY','T24',2,'Hành lang 2–10: chốt cửa ban công phụ + cửa sổ đầu hồi; sửa cửa bung bản lề','TTĐY-KS + Bảo trì QLN','Ms Quỳnh (QLCL)',NULL);
INSERT INTO task_templates (id,code,unit_code,phase_id,min_level,title,suggested_owner,suggested_checker,note) VALUES ('e1673401-ac69-4241-a9ac-d9b5c8abedc5','TT-0130','TTDY','T24',2,'Tầng 1: bao cát cửa kính sảnh; kiểm tra kính T1 + cửa kỹ thuật; máy phát – bơm','TTĐY-KS + Bảo trì QLN','Ms Quỳnh (QLCL)',NULL);
INSERT INTO task_templates (id,code,unit_code,phase_id,min_level,title,suggested_owner,suggested_checker,note) VALUES ('8daa9433-9876-4e52-a3b5-1c9d8a185a4a','TT-0131','TTDY','T24',2,'Vệ sinh rãnh thoát, hố ga; cắt tỉa cây xanh','Khách sạn','Ms Quỳnh (QLCL)',NULL);
INSERT INTO task_templates (id,code,unit_code,phase_id,min_level,title,suggested_owner,suggested_checker,note) VALUES ('6d320fb1-6dab-49df-9fb4-b96b3202ad34','TT-0132','TTDY','T24',2,'Chuẩn bị phòng tầng 2-3 cho nhân viên ở lại trực','TTĐY-KS','Ms Quỳnh (QLCL)',NULL);
INSERT INTO task_templates (id,code,unit_code,phase_id,min_level,title,suggested_owner,suggested_checker,note) VALUES ('b3130c89-fd19-443d-b302-fc45dd59bb39','TT-0133','TTDY','T24',2,'Thông báo khách lưu trú: loa 2 lần/ngày + tại quầy; hạn chế ra ngoài khi bão','Khách sạn','Ms Quỳnh (QLCL)',NULL);
INSERT INTO task_templates (id,code,unit_code,phase_id,min_level,title,suggested_owner,suggested_checker,note) VALUES ('ef0df758-4605-4d9a-aea6-07e75082735e','TT-0134','QLN','T24',2,'Chạy thử máy phát điện: đảm bảo cấp tải ưu tiên — bơm hầm, bơm PCCC, chiếu sáng hành lang, thang máy cứu hộ, an ninh','Tổ Kỹ thuật các BQL','Lê Thái Hoàng',NULL);
INSERT INTO task_templates (id,code,unit_code,phase_id,min_level,title,suggested_owner,suggested_checker,note) VALUES ('21810088-2e74-40ec-92dd-33e72beb0bc1','TT-0135','QLN','T24',2,'Kiểm tra hệ PCCC: bơm, họng nước, bình chữa cháy, báo cháy liên động; phương án kết hợp PCLB-PCCC khi chập điện do ngập','Tổ Kỹ thuật các BQL','Lê Thái Hoàng',NULL);
INSERT INTO task_templates (id,code,unit_code,phase_id,min_level,title,suggested_owner,suggested_checker,note) VALUES ('a5f4f5a2-4176-4fe1-8540-0ea3cbb38044','TT-0136','QLN','T24',2,'Kê cao/che chắn tủ điện hầm có nguy cơ ngập; dán biển «Cấm vào hầm khi mưa lớn, bão»','Tổ Kỹ thuật các BQL','Trưởng BQL',NULL);
INSERT INTO task_templates (id,code,unit_code,phase_id,min_level,title,suggested_owner,suggested_checker,note) VALUES ('fab25af4-d75d-491f-956f-9c7f294d3a38','TT-0137','QLN','T12',2,'Chốt quân số trực 24/24 tại 5 dự án theo DS trực; kênh bộ đàm: TN-3 · CTN-5 · ECO-9','Trưởng ban các BQL','Lê Thái Hoàng',NULL);
INSERT INTO task_templates (id,code,unit_code,phase_id,min_level,title,suggested_owner,suggested_checker,note) VALUES ('582bd19b-aba0-41f4-97be-1fdab266eed9','TT-0138','QLN','DUR',3,'Trực 4 tổ: Kỹ thuật (hầm-phòng KT-mái) · Bảo vệ (cổng-hầm-sảnh-camera) · Vệ sinh (thoát nước) · Thông tin (Zalo-loa-hotline)','Toàn bộ ca trực','Trưởng BQL từng dự án',NULL);
INSERT INTO task_templates (id,code,unit_code,phase_id,min_level,title,suggested_owner,suggested_checker,note) VALUES ('58bb8879-0e10-4c48-b033-26f51aeeec25','TT-0139','QLN','DUR',3,'KHÔNG cho cư dân xuống hầm; hạ rào chắn hầm khi mưa lớn; theo dõi phao báo mức nước','Tổ Bảo vệ + Kỹ thuật','Trưởng BQL',NULL);
INSERT INTO task_templates (id,code,unit_code,phase_id,min_level,title,suggested_owner,suggested_checker,note) VALUES ('2a3a7828-6bb0-4773-87a6-61bbbf0d1649','TT-0140','QLN','DUR',3,'Vận hành bơm hầm (tự động + tay); mất điện → nổ máy phát trong 5 phút','Tổ Kỹ thuật','Trưởng BQL',NULL);
INSERT INTO task_templates (id,code,unit_code,phase_id,min_level,title,suggested_owner,suggested_checker,note) VALUES ('e7ccec54-c9a7-4a0f-bcda-b4d24fd125db','TT-0141','QLN','R0',3,'0–3h: khoanh vùng căng dây khu nguy hiểm; KHÔNG cho cư dân xuống hầm; kiểm tra mái, tường, kính, ban công; không cấp điện khi còn ẩm','Kỹ thuật + Bảo vệ','Trưởng BQL',NULL);
INSERT INTO task_templates (id,code,unit_code,phase_id,min_level,title,suggested_owner,suggested_checker,note) VALUES ('125ba954-0c97-4189-bd73-ab6c6a65774f','TT-0142','QLN','R24',3,'3–24h: bơm nước, vệ sinh, khử khuẩn hầm; kiểm tra bơm + phao báo mức; test thang máy; kiểm tra PCCC, máy phát','Tổ Kỹ thuật','Lê Thái Hoàng',NULL);
INSERT INTO task_templates (id,code,unit_code,phase_id,min_level,title,suggested_owner,suggested_checker,note) VALUES ('b5628b2a-70e7-40be-be07-8aac643ce9f9','TT-0143','QLN','R72',3,'1–3 ngày: cắt tỉa cây gãy, xử lý cây đổ; kiểm tra mái + phễu thu + chống thấm; thay kính vỡ, bơm keo','Kỹ thuật + Vệ sinh + NT','Trưởng BQL',NULL);
INSERT INTO task_templates (id,code,unit_code,phase_id,min_level,title,suggested_owner,suggested_checker,note) VALUES ('321c7bcd-1176-4697-a436-f14ab28b0a4f','TT-0144','QLN','R72',3,'1–3 ngày: hỗ trợ cư dân lập biên bản thiệt hại tài sản; thông báo khu vực sửa chữa; bổ sung chiếu sáng, nước tạm nếu mất điện','BQL + CSKH','Lê Thái Hoàng',NULL);
INSERT INTO task_templates (id,code,unit_code,phase_id,min_level,title,suggested_owner,suggested_checker,note) VALUES ('7e787e01-22b3-4608-b213-fae9449377e4','TT-0145','QLN','R7',3,'3–7 ngày: chạy kiểm tra toàn hệ kỹ thuật; báo cáo thiệt hại chi tiết; họp rút kinh nghiệm; cập nhật phương án + tập huấn lại','Trưởng BQL các dự án','Lê Thái Hoàng',NULL);
INSERT INTO task_templates (id,code,unit_code,phase_id,min_level,title,suggested_owner,suggested_checker,note) VALUES ('df216935-896a-42fe-9823-97d07fe0c77f','TT-0146','VP','T72',2,'Rà soát hợp đồng nguyên tắc siêu thị/đại lý nhu yếu phẩm; cập nhật báo giá pin, cồn khô, thuốc y tế','Ms Hoa (BN-CTN) · Ms Quyên (YP)','Trưởng HC-NS',NULL);
INSERT INTO task_templates (id,code,unit_code,phase_id,min_level,title,suggested_owner,suggested_checker,note) VALUES ('ece425b3-0055-4db4-bd7f-73e1b6dc72fa','TT-0147','VP','T48',2,'LỆNH MUA GỐI ĐẦU nhóm 2: pin, cồn khô, túi thuốc, nhu yếu phẩm — bốc hàng về kho trong 6–12 giờ','Ms Hoa + Ms Quyên','Lê Thái Hoàng',NULL);
INSERT INTO task_templates (id,code,unit_code,phase_id,min_level,title,suggested_owner,suggested_checker,note) VALUES ('390c47d6-9964-41b8-86c4-2caa47012945','TT-0148','VP','T48',2,'Cấp đủ dầu máy phát 200 lít/dự án × 5 dự án (ECO, TN, CTN, Nhà M, CTS-YP)','Ms Hoa (Mua hàng)','Lê Thái Hoàng',NULL);
INSERT INTO task_templates (id,code,unit_code,phase_id,min_level,title,suggested_owner,suggested_checker,note) VALUES ('98cd1f02-75a1-47cf-9e0a-c471dc7e4bfe','TT-0149','VP','T48',2,'KẾ TOÁN: mở mã chi phí sự kiện trên Bravo/MISA + thông báo hạn mức phê duyệt phân cấp tới các đơn vị','Ms Đặng Thị Hồng Phương (KTT)','Tổng Giám đốc',NULL);
INSERT INTO task_templates (id,code,unit_code,phase_id,min_level,title,suggested_owner,suggested_checker,note) VALUES ('87414e9e-2505-4f3a-bff6-a1bb7e252c11','TT-0150','VP','T24',2,'Cấp phát nhu yếu phẩm theo định mức 2 mì + 2 sữa + 2 bánh mì + 1 xúc xích/người/ngày; nước 20-20-15-10-20 bình theo dự án','Hợi (TN) · Hương (ECO) · Hoa (CTN) · Hùng (Nhà M) · Quyên (YP)','KTT Phương',NULL);
INSERT INTO task_templates (id,code,unit_code,phase_id,min_level,title,suggested_owner,suggested_checker,note) VALUES ('17c5b57b-410d-42b6-85ab-a57bf8ea53c9','TT-0151','VP','T24',2,'Mở kho cứu trợ tập trung: kiểm đếm, bàn giao có ký sổ từng món','Thủ kho + HC-NS','Lê Thái Hoàng',NULL);
INSERT INTO task_templates (id,code,unit_code,phase_id,min_level,title,suggested_owner,suggested_checker,note) VALUES ('8f079534-ac74-41c6-aa47-4b57373bb331','TT-0152','VP','DUR',3,'Xe cơ động + lái xe trực sẵn sàng điều phối chi viện giữa các dự án','Hà Việt Đại (Lái xe)','Trưởng HC-NS',NULL);
INSERT INTO task_templates (id,code,unit_code,phase_id,min_level,title,suggested_owner,suggested_checker,note) VALUES ('4ce876f7-33a2-45f4-88aa-4d63831c56d8','TT-0153','VP','R24',3,'Tổng hợp chi phí phát sinh theo mã sự kiện; hoàn thiện chứng từ trong 48 giờ','Ms Đặng Thị Hồng Phương (KTT)','Tổng Giám đốc',NULL);
INSERT INTO task_templates (id,code,unit_code,phase_id,min_level,title,suggested_owner,suggested_checker,note) VALUES ('4bc9ecf7-d110-401c-a85d-9bb319876753','TT-0154','VP','R72',3,'Mua bù vật tư đã sử dụng về đúng định mức tối thiểu; kiểm kê lại toàn bộ kho','Mua hàng + Thủ kho','Trưởng HC-NS',NULL);
INSERT INTO task_templates (id,code,unit_code,phase_id,min_level,title,suggested_owner,suggested_checker,note) VALUES ('b94faa55-a989-40d7-a430-33976196ba19','TT-0155','MKT','DAILY',0,'06:30 – Bản tin thời tiết đầu ngày trên Zalo toàn công ty: mức cảnh báo + 3 việc cần làm [MKT-ZL-01]','Content MKT + Admin Zalo','MKT Lead',NULL);
INSERT INTO task_templates (id,code,unit_code,phase_id,min_level,title,suggested_owner,suggested_checker,note) VALUES ('919a4053-bb9f-49ae-8d0c-5a17e22fb3dc','TT-0156','MKT','DAILY',0,'16:30 – Bản tin chiều & nhắc bàn giao an toàn cuối ngày; phản hồi «ĐÃ BÀN GIAO» [MKT-ZL-02]','Content MKT + Admin Zalo','MKT Lead',NULL);
INSERT INTO task_templates (id,code,unit_code,phase_id,min_level,title,suggested_owner,suggested_checker,note) VALUES ('99d80560-4045-46b9-83e5-67777e6309fe','TT-0157','MKT','T72',2,'Cảnh báo sớm 72 giờ toàn công ty — nâng cảnh giác, không gây hoang mang; cấm chia sẻ tin chưa kiểm chứng [MKT-ZL-03]','Content MKT','MKT Lead',NULL);
INSERT INTO task_templates (id,code,unit_code,phase_id,min_level,title,suggested_owner,suggested_checker,note) VALUES ('8ac7379f-86e2-441e-85af-49d0604e3a39','TT-0158','MKT','T48',2,'Thông báo chuyển chế độ cập nhật tăng cường: ghim Zalo + loa; yêu cầu xác nhận «ĐÃ NHẬN» trong 10 phút [MKT-ZL-04]','Content MKT + Admin Zalo','MKT Lead',NULL);
INSERT INTO task_templates (id,code,unit_code,phase_id,min_level,title,suggested_owner,suggested_checker,note) VALUES ('048bc8a4-6741-416d-b2f3-772b44fe30d3','TT-0159','MKT','T24',2,'«5 việc bắt buộc trước bão» toàn công ty — carousel 5 ảnh + loa 2 lần/ngày [MKT-ZL-05]','Content MKT + Design','MKT Lead',NULL);
INSERT INTO task_templates (id,code,unit_code,phase_id,min_level,title,suggested_owner,suggested_checker,note) VALUES ('373808d3-92fc-4ec7-8599-5e6f661c730c','TT-0160','MKT','T24',2,'Thông báo an toàn công trường tới nhà thầu + công nhân: giờ rời công trường, vùng cấm, số trực [MKT-ZL-06]','Content MKT + Admin Zalo','MKT Lead',NULL);
INSERT INTO task_templates (id,code,unit_code,phase_id,min_level,title,suggested_owner,suggested_checker,note) VALUES ('3b12e4fb-a4ad-4027-8df5-60fb00a22e87','TT-0161','MKT','T24',2,'Bàn giao an toàn cuối ngày khối văn phòng: đóng cửa, sao lưu dữ liệu, tắt thiết bị [MKT-ZL-07]','Content MKT','MKT Lead',NULL);
INSERT INTO task_templates (id,code,unit_code,phase_id,min_level,title,suggested_owner,suggested_checker,note) VALUES ('288b130c-946f-4686-9cb3-687a67a81a95','TT-0162','MKT','T24',2,'Bản tin trực vận hành cho BQL từng tòa — mẫu gửi dữ liệu chuẩn để cập nhật cư dân [MKT-ZL-08]','Content MKT','MKT Lead',NULL);
INSERT INTO task_templates (id,code,unit_code,phase_id,min_level,title,suggested_owner,suggested_checker,note) VALUES ('fe632b48-72ff-4f2c-8984-e4f7f059332e','TT-0163','MKT','T24',2,'«5 việc cư dân cần làm trước bão» từng tòa/khu: Zalo + infographic + loa 2 sáng 2 chiều [MKT-ZL-09]','Content MKT + Media loa','MKT Lead',NULL);
INSERT INTO task_templates (id,code,unit_code,phase_id,min_level,title,suggested_owner,suggested_checker,note) VALUES ('fe5a2541-3621-4440-aa18-e5545408c184','TT-0164','MKT','T24',2,'Điều chỉnh lịch giao dịch khách hàng/đối tác — hẹn lại, kênh hỗ trợ [MKT-ZL-10]','Content MKT','MKT Lead',NULL);
INSERT INTO task_templates (id,code,unit_code,phase_id,min_level,title,suggested_owner,suggested_checker,note) VALUES ('3b545ad9-ce27-4953-acbe-2ef491058449','TT-0165','MKT','T12',2,'Nhắc cư dân lần 2: không xuống hầm khi cảnh báo, không lên mái, hỗ trợ người cần trợ giúp [MKT-ZL-11]','Content MKT + Media loa','MKT Lead',NULL);
INSERT INTO task_templates (id,code,unit_code,phase_id,min_level,title,suggested_owner,suggested_checker,note) VALUES ('f9e793d9-2b1e-4f72-a0f7-ccf09ff3ad68','TT-0166','MKT','T6',2,'Thông báo DỪNG hạng mục + vùng cấm công trường: loa khẩn 3 lần; xác nhận đủ quân số rời vùng cấm [MKT-ZL-12]','Content MKT + Media loa','MKT Lead',NULL);
INSERT INTO task_templates (id,code,unit_code,phase_id,min_level,title,suggested_owner,suggested_checker,note) VALUES ('8909f649-a03d-4a18-a6fa-e61fdb894f1e','TT-0167','MKT','T6',2,'Thông báo kết thúc làm việc/tăng ca khối văn phòng; không quay lại lấy tài sản [MKT-ZL-13]','Content MKT','MKT Lead',NULL);
INSERT INTO task_templates (id,code,unit_code,phase_id,min_level,title,suggested_owner,suggested_checker,note) VALUES ('2885a542-970d-4fad-8cfe-2aca8cd4040c','TT-0168','MKT','T6',2,'Ghim quy tắc «chỉ dùng thông tin từ Zalo công ty + loa» — chống tin nhiễu [MKT-ZL-14]','Content MKT + Monitoring','MKT Lead',NULL);
INSERT INTO task_templates (id,code,unit_code,phase_id,min_level,title,suggested_owner,suggested_checker,note) VALUES ('fa4f265e-be77-4f35-9ba6-53900a9ffc06','TT-0169','MKT','T6',2,'Thông báo tạm dừng thang máy/khu vực (nếu có) tới cư dân + hotline hỗ trợ [MKT-ZL-15]','Content MKT + Admin Zalo','MKT Lead',NULL);
INSERT INTO task_templates (id,code,unit_code,phase_id,min_level,title,suggested_owner,suggested_checker,note) VALUES ('2fe2e36e-38d2-4901-97f7-81d69f52e9aa','TT-0170','MKT','DUR',3,'Bản tin trong bão 2–3 giờ/lần: thời tiết thực tế, tình trạng cơ sở, vùng hạn chế, số trực [MKT-ZL-16]','Content MKT','MKT Lead',NULL);
INSERT INTO task_templates (id,code,unit_code,phase_id,min_level,title,suggested_owner,suggested_checker,note) VALUES ('d17304c0-5b03-4cd0-81f9-2ba17477d689','TT-0171','MKT','DUR',3,'Nhắc duy trì lệnh dừng công trường khi có thay đổi: cấm làm trên cao, cấm vào vùng ngập/rò điện [MKT-ZL-17]','Content MKT + Media loa','MKT Lead',NULL);
INSERT INTO task_templates (id,code,unit_code,phase_id,min_level,title,suggested_owner,suggested_checker,note) VALUES ('7bbaa452-7906-44bb-a49f-1c0dfd137b9e','TT-0172','MKT','DUR',3,'Cư dân: khuyến cáo ở trong căn hộ; cảnh báo ngập cục bộ + sơ đồ lối thay thế; cập nhật nguồn điện trong 10 phút [MKT-ZL-19/20/21]','Content MKT + Admin Zalo','MKT Lead',NULL);
INSERT INTO task_templates (id,code,unit_code,phase_id,min_level,title,suggested_owner,suggested_checker,note) VALUES ('1fbf74de-439a-4760-b11b-241497d13dfa','TT-0173','MKT','DUR',3,'Monitoring 60 phút/lần: câu hỏi lặp, tin gây hoang mang, yêu cầu khẩn → chốt mẫu trả lời [MKT-ZL-23]','Monitoring MKT','MKT Lead',NULL);
INSERT INTO task_templates (id,code,unit_code,phase_id,min_level,title,suggested_owner,suggested_checker,note) VALUES ('eda08033-e24f-4b71-9aad-08eb95f3d0c1','TT-0174','MKT','R0',3,'«CHƯA ĐƯỢC QUAY LẠI» — mưa giảm không đồng nghĩa an toàn; danh sách hầm/thang máy/khu chưa mở [MKT-ZL-24/25]','Content MKT + Admin Zalo','MKT Lead',NULL);
INSERT INTO task_templates (id,code,unit_code,phase_id,min_level,title,suggested_owner,suggested_checker,note) VALUES ('32128433-36f9-4737-9721-8d3edce66cae','TT-0175','MKT','R24',3,'Mở lại có điều kiện từng cơ sở; tái thi công có điều kiện (phổ biến đầu ca); mở lại văn phòng; khôi phục dịch vụ từng khu [MKT-ZL-26/27/28/29]','Content MKT','MKT Lead',NULL);
INSERT INTO task_templates (id,code,unit_code,phase_id,min_level,title,suggested_owner,suggested_checker,note) VALUES ('e1cc8093-91fc-44e6-af9c-aad65070ca7f','TT-0176','MKT','R24',3,'Bài ghi nhận nội bộ (không tô vẽ hành động mạo hiểm) + kênh tiếp nhận phản ánh sau bão có cấu trúc [MKT-ZL-31/32]','Content MKT + Media','MKT Lead',NULL);
INSERT INTO task_templates (id,code,unit_code,phase_id,min_level,title,suggested_owner,suggested_checker,note) VALUES ('68f557c8-6740-4078-bf3e-652e1883b399','TT-0177','MKT','R72',3,'Bài học truyền thông sau đợt mưa bão: độ phủ, tốc độ nhận tin, đề xuất cải tiến [MKT-ZL-33]','MKT Lead + Monitoring','Ban TGĐ',NULL);
INSERT INTO task_templates (id,code,unit_code,phase_id,min_level,title,suggested_owner,suggested_checker,note) VALUES ('4bde92a9-6f1f-4a33-a84b-99dfbf0fb591','TT-0178','BCH','T72',2,'Họp BCH PCTT-CNCH tập đoàn: đánh giá tin bão, chốt cấp độ theo thẩm quyền Điều 8, phân công trực chỉ huy','Tổng Giám đốc','Chủ tịch',NULL);
INSERT INTO task_templates (id,code,unit_code,phase_id,min_level,title,suggested_owner,suggested_checker,note) VALUES ('0e200479-2c31-4a7b-8406-802b8dd76ee3','TT-0179','BCH','T48',2,'Quyết định kích hoạt Cấp 2 (thẩm quyền TGĐ) + duyệt kinh phí gối đầu; chốt lịch giao ban 09:00 & 16:00','Tổng Giám đốc','Chủ tịch',NULL);
INSERT INTO task_templates (id,code,unit_code,phase_id,min_level,title,suggested_owner,suggested_checker,note) VALUES ('1b3d1e00-d155-493c-bf51-03af367de290','TT-0180','BCH','T24',2,'Giao ban kiểm đếm: % hoàn thành nhiệm vụ trước bão của từng đơn vị (mục tiêu 100% trước T-6)','Trực ban BCH','Tổng Giám đốc',NULL);
INSERT INTO task_templates (id,code,unit_code,phase_id,min_level,title,suggested_owner,suggested_checker,note) VALUES ('bbca6049-168d-45ca-a8cc-e5ef869be630','TT-0181','BCH','T6',2,'LỆNH DỪNG toàn bộ hoạt động + xác nhận sơ tán khỏi khu nguy hiểm (Cấp 3-4: Chủ tịch quyết; đe dọa tức thời: chỉ huy hiện trường ra lệnh trước, báo cáo sau)','Chủ tịch / TGĐ theo Điều 8','—',NULL);
INSERT INTO task_templates (id,code,unit_code,phase_id,min_level,title,suggested_owner,suggested_checker,note) VALUES ('69434b02-b72c-4c12-9468-0bd4ff9a080f','TT-0182','BCH','DUR',3,'Trực chỉ huy 24/24 tại phòng điều hành; tổng hợp báo cáo các đơn vị 2–3h/lần; điều phối chi viện','Trực ban BCH','Tổng Giám đốc',NULL);
INSERT INTO task_templates (id,code,unit_code,phase_id,min_level,title,suggested_owner,suggested_checker,note) VALUES ('9d3f9a57-2a95-4f08-ae8b-c682267d4f2d','TT-0183','BCH','R0',3,'Ban hành lệnh «chưa quay lại»; chỉ cho hoạt động lại từng phần theo Điều 52 (BM-PCLB-10)','Chủ tịch / người được ủy quyền','—',NULL);
INSERT INTO task_templates (id,code,unit_code,phase_id,min_level,title,suggested_owner,suggested_checker,note) VALUES ('b729dfb5-0776-4a4e-8073-8272b38f5ecf','TT-0184','BCH','R24',3,'Duyệt phương án + ngân sách khắc phục theo mã chi phí sự kiện (>20tr: Chủ tịch/TGĐ theo phân cấp)','Chủ tịch / Tổng Giám đốc','—',NULL);
INSERT INTO task_templates (id,code,unit_code,phase_id,min_level,title,suggested_owner,suggested_checker,note) VALUES ('f411d8d5-d663-490a-8cdb-95c0344313e9','TT-0185','BCH','R7',3,'Chủ trì họp AAR (4 câu hỏi) trong 72h; giao hành động cải tiến có người + deadline; cập nhật phương án/định mức','Chủ tịch Cát Tường Group','—',NULL);
INSERT INTO task_templates (id,code,unit_code,phase_id,min_level,title,suggested_owner,suggested_checker,note) VALUES ('b62a1f9c-bb1c-497d-b049-a107a5f743a4','TT-0186','VPCT','T72',1,'Tiếp nhận – xác minh thông tin dự báo từ nguồn chính thống; tham mưu cấp độ kích hoạt cho người có thẩm quyền','Văn phòng Chủ tịch','Chủ tịch',NULL);
INSERT INTO task_templates (id,code,unit_code,phase_id,min_level,title,suggested_owner,suggested_checker,note) VALUES ('b3a2e07d-69d2-4d2d-9ff1-28008299124e','TT-0187','VPCT','T72',2,'Phát hành thông báo kích hoạt: cấp độ, phạm vi, người chỉ huy, nhiệm vụ, kênh liên lạc, chế độ báo cáo (Điều 42.2)','Văn phòng Chủ tịch','Chủ tịch',NULL);
INSERT INTO task_templates (id,code,unit_code,phase_id,min_level,title,suggested_owner,suggested_checker,note) VALUES ('e0ebd123-425a-47b3-abea-f37a0f8cd061','TT-0188','VPCT','T48',2,'Theo dõi xác nhận lệnh 15 phút của các đơn vị; không phản hồi → gọi trực tiếp + kích hoạt người thay thế (Điều 42.3)','Văn phòng Chủ tịch','Chủ tịch',NULL);
INSERT INTO task_templates (id,code,unit_code,phase_id,min_level,title,suggested_owner,suggested_checker,note) VALUES ('a389e5e6-804a-4897-bab7-8643aed605db','TT-0189','VPCT','DUR',3,'Điều phối liên đơn vị; tổng hợp báo cáo nhanh; đầu mối liên hệ chính quyền/cơ quan chuyên trách khi cần cứu nạn','Văn phòng Chủ tịch','Chủ tịch',NULL);
INSERT INTO task_templates (id,code,unit_code,phase_id,min_level,title,suggested_owner,suggested_checker,note) VALUES ('281a1fe7-496b-420c-b7a9-d03029a2083a','TT-0190','VPCT','R24',3,'Báo cáo nhanh sau sự cố ≤4 giờ (BM-PCLB-09); báo cáo đầy đủ ≤3 ngày làm việc trình Ban Lãnh đạo (Điều 68)','Văn phòng Chủ tịch','Chủ tịch',NULL);
INSERT INTO task_templates (id,code,unit_code,phase_id,min_level,title,suggested_owner,suggested_checker,note) VALUES ('3fb43b95-6f4b-4eee-880a-8d86824f47f8','TT-0191','VPCT','R7',3,'Tổ chức họp rút kinh nghiệm; theo dõi thực hiện kết luận; đề xuất cập nhật Quy định/phương án','Văn phòng Chủ tịch','Chủ tịch',NULL);
INSERT INTO task_templates (id,code,unit_code,phase_id,min_level,title,suggested_owner,suggested_checker,note) VALUES ('5dcff840-c590-44cf-90d1-a20ffae79dd7','TT-0192','VPCT','DUR',4,'CẤP 4: Vận hành trung tâm điều phối toàn Group, báo cáo Chủ tịch liên tục; đầu mối MTTQ/Chữ thập đỏ/chính quyền về cứu trợ','Văn phòng Chủ tịch','Chủ tịch',NULL);
INSERT INTO task_templates (id,code,unit_code,phase_id,min_level,title,suggested_owner,suggested_checker,note) VALUES ('c1b90141-d49a-40ac-91ee-1d7447849d14','TT-0193','VPCT','R24',4,'CẤP 4: Đánh giá nhanh cứu trợ — ≤30′ kiểm nguồn tin, ≤60′ liên hệ địa phương, ≤2h báo cáo + đề xuất cấp độ cứu trợ (Điều 61)','Văn phòng Chủ tịch','Chủ tịch',NULL);
INSERT INTO task_templates (id,code,unit_code,phase_id,min_level,title,suggested_owner,suggested_checker,note) VALUES ('d8cf8342-3192-4fe6-8752-bb1c1d0e5383','TT-0194','VPCT','R72',4,'CẤP 4: Trình phương án cứu trợ (đối tượng, suất quà mẫu chuẩn, tuyến, đoàn 6 tổ, ngân sách, an toàn) — Chủ tịch phê duyệt (Điều 60-62)','Văn phòng Chủ tịch','Chủ tịch',NULL);
INSERT INTO task_templates (id,code,unit_code,phase_id,min_level,title,suggested_owner,suggested_checker,note) VALUES ('d2c19828-5fd9-4176-bf66-bb6c5963ed6d','TT-0195','IT','T48',2,'Sao lưu toàn bộ dữ liệu trọng yếu; kiểm tra UPS, cảm biến rò nước, cảnh báo phòng máy chủ; chốt thứ tự tải ưu tiên','Bộ phận IT/CĐS','Trưởng IT',NULL);
INSERT INTO task_templates (id,code,unit_code,phase_id,min_level,title,suggested_owner,suggested_checker,note) VALUES ('157b13e2-1357-4fac-a0a5-583a92610cc7','TT-0196','IT','T48',2,'Cấu hình – đánh số – kiểm tra bộ đàm, sạc dự phòng; phát danh sách kênh liên lạc + đầu mối hỗ trợ 24/7','Bộ phận IT/CĐS','Trưởng IT',NULL);
INSERT INTO task_templates (id,code,unit_code,phase_id,min_level,title,suggested_owner,suggested_checker,note) VALUES ('03f0a742-9199-4638-8459-8bf7fe650580','TT-0197','IT','T24',2,'Kích hoạt phương án làm việc từ xa khối văn phòng; di dời/bảo vệ thiết bị lưu trữ khỏi vùng nguy cơ ngập','Bộ phận IT/CĐS','Trưởng IT',NULL);
INSERT INTO task_templates (id,code,unit_code,phase_id,min_level,title,suggested_owner,suggested_checker,note) VALUES ('720aeeb6-36c3-4970-b3b1-560d806ec1ea','TT-0198','IT','DUR',3,'Trực hệ thống: mạng, camera, cảnh báo; nước vào phòng máy chủ → ưu tiên an toàn điện, ngắt có kiểm soát, bảo toàn dữ liệu; cấm người không chuyên can thiệp','Bộ phận IT/CĐS','Trưởng IT',NULL);
INSERT INTO task_templates (id,code,unit_code,phase_id,min_level,title,suggested_owner,suggested_checker,note) VALUES ('208ec608-f837-49f2-b5e6-b147d2e1bc53','TT-0199','IT','R24',3,'Khôi phục hệ thống theo thứ tự ưu tiên; kiểm tra toàn vẹn dữ liệu; báo cáo tình trạng hạ tầng số','Bộ phận IT/CĐS','Trưởng IT',NULL);
INSERT INTO task_templates (id,code,unit_code,phase_id,min_level,title,suggested_owner,suggested_checker,note) VALUES ('20d736bf-f163-4430-a296-56b5243c6896','TT-0200','PC','T48',2,'Rà soát pháp lý văn bản huy động, hợp đồng thuê ngoài khẩn cấp, nội dung thông báo cư dân trước khi phát hành','Trung tâm Pháp chế','GĐ Trung tâm Pháp chế',NULL);
INSERT INTO task_templates (id,code,unit_code,phase_id,min_level,title,suggested_owner,suggested_checker,note) VALUES ('24475fc0-4090-434e-9a44-fd216d105c06','TT-0201','PC','R24',3,'Hướng dẫn biên bản thiệt hại tài sản cư dân/khách hàng — khách quan, KHÔNG tự nhận trách nhiệm/cam kết bồi thường khi chưa được duyệt (Điều 69.2)','Trung tâm Pháp chế','GĐ Trung tâm Pháp chế',NULL);
INSERT INTO task_templates (id,code,unit_code,phase_id,min_level,title,suggested_owner,suggested_checker,note) VALUES ('6dd2be05-13c2-4b06-8508-651f9043d98f','TT-0202','PC','R72',3,'Tham gia xác minh vụ việc thiệt hại nghiêm trọng; hồ sơ bảo hiểm – tranh chấp; hướng dẫn lưu trữ hồ sơ (Điều 70, 73)','Trung tâm Pháp chế','GĐ Trung tâm Pháp chế',NULL);
INSERT INTO task_templates (id,code,unit_code,phase_id,min_level,title,suggested_owner,suggested_checker,note) VALUES ('4ed9a99f-8161-46d8-b824-99bcebc4b4c4','TT-0203','VP','T48',2,'Kiểm tra bộ cơ động kho tổng: niêm phong, danh mục, ngày kiểm tra, xe nhận — sẵn sàng xuất ≤30 phút từ lệnh','Trung tâm HC-NS + Thủ kho tổng','Trưởng HC-NS',NULL);
INSERT INTO task_templates (id,code,unit_code,phase_id,min_level,title,suggested_owner,suggested_checker,note) VALUES ('a349cda9-370b-428c-acb5-9bf1fa292db4','TT-0204','VP','T24',2,'Xác nhận từng cơ sở: người mở kho vệ tinh + người thay thế có mặt/bàn giao chìa khóa ≤15 phút; chìa dự phòng niêm phong tại Bảo vệ','Trưởng BQL các cơ sở','Trung tâm HC-NS',NULL);
INSERT INTO task_templates (id,code,unit_code,phase_id,min_level,title,suggested_owner,suggested_checker,note) VALUES ('8c6d9616-dec5-43d7-9c4d-604cae4a0110','TT-0205','VP','R24',3,'Sổ xuất khẩn cấp → hoàn thiện phiếu đầy đủ ≤24h; bù định mức: cứu sinh/chống ngập ≤24h, thiết yếu ≤48h, còn lại ≤5 ngày','Trung tâm HC-NS + Thủ kho','Trưởng HC-NS',NULL);
INSERT INTO task_templates (id,code,unit_code,phase_id,min_level,title,suggested_owner,suggested_checker,note) VALUES ('3d96e7a5-b5c7-4c86-b1e2-af1665b1cba1','TT-0206','BCH','DUR',4,'CẤP 4: Chủ tịch trực tiếp chỉ huy; lệnh điều chuyển lực lượng – thiết bị giữa các cơ sở; ưu tiên nơi nguy cơ tính mạng, hạ tầng điện/IT, ngập nhanh (Điều 30.5)','Chủ tịch Cát Tường Group','—',NULL);
INSERT INTO task_templates (id,code,unit_code,phase_id,min_level,title,suggested_owner,suggested_checker,note) VALUES ('56412e1f-b4c3-468f-8318-6ac8b54ec7a7','TT-0207','VP','DUR',4,'CẤP 4: Điều phối luồng hàng liên cơ sở theo lệnh BCH; ghi nhận toàn bộ luồng; điểm tập kết tạm phải có người quản lý + sổ nhanh + che chắn (Điều 30.4)','Trung tâm HC-NS','Chủ tịch',NULL);
INSERT INTO task_templates (id,code,unit_code,phase_id,min_level,title,suggested_owner,suggested_checker,note) VALUES ('e248cc23-dd2b-4f0b-b8fa-d16955620252','TT-0208','MKT','DUR',4,'CẤP 4: Phát ngôn một đầu mối được phân công; kiểm duyệt hình ảnh nhạy cảm; không công bố dữ liệu cá nhân (Điều 66)','Truyền thông + MKT Lead','VP Chủ tịch',NULL);

-- SCENARIOS (10)
INSERT INTO scenarios (id,grp,lv,name,trigger_desc,assumption,force_desc,sla,drill) VALUES ('KB-B1','B',1,'Mưa lớn cục bộ 50–120mm / dông sét','Cảnh báo mưa dông của NCHMF; mây dông phát triển nhanh trong 3–6h.','Ngập cục bộ điểm trũng công trường 20–40cm; nước tràn hố PIT; sét đánh khu vực cẩu tháp; 1 máy bơm quá tải.','Đội cơ điện CT + tổ Kỹ thuật các BQL; trực bơm 2 người/vị trí.','Bơm vận hành ≤10 phút từ khi nước dâng; báo cáo mực nước mỗi giờ; 0 tai nạn điện.','Mỗi tháng 1 lần đầu mùa (tháng 5–6).');
INSERT INTO scenarios (id,grp,lv,name,trigger_desc,assumption,force_desc,sla,drill) VALUES ('KB-B2','B',2,'ATNĐ / Bão cấp 8–9 vào Bắc Bộ (RRTT cấp 3)','Tin bão KHẨN CẤP – dự kiến ảnh hưởng đất liền ≤48h; gió Bắc Ninh cấp 6–8, giật 9–10.','Tốc mái tôn nhà tạm, đổ 5–10% cây xanh, bung 1–2 cửa kính căn hộ chưa chèn chốt, mất điện lưới 2–6h từng khu.','Toàn bộ gói TRƯỚC BÃO T-48→T-6; trực 24/24 tại 5 BQL + công trường; BCH họp 2 lần/ngày.','100% nhiệm vụ trước bão hoàn thành trước T-6; 100% nhân sự xác nhận nhận lệnh ≤30 phút.','Diễn tập bàn tròn (tabletop) tháng 5 hằng năm.');
INSERT INTO scenarios (id,grp,lv,name,trigger_desc,assumption,force_desc,sla,drill) VALUES ('KB-B3','B',3,'Bão mạnh cấp 10–12 ảnh hưởng trực tiếp (kịch bản Yagi)','Tin bão khẩn cấp/trên đất liền; tâm bão qua đồng bằng Bắc Bộ; gió BN cấp 9–11 giật 12–14; RRTT cấp 3–4.','Theo bài học Yagi 9/2024: vỡ kính mặt dựng & căn hộ hàng loạt tại nhà cao tầng; nước tràn qua khe cửa; đổ >30% cây; tốc mái kho; mất điện diện rộng 12–48h; sập giàn giáo nếu chưa gia cố; nguy cơ ngập hầm do mưa hoàn lưu sau bão.','Cấp ĐỎ toàn tập đoàn; chỉ lực lượng trực ở lại; BCH trực 24/24 tại phòng điều hành.','0 thương vong; thời gian khôi phục vận hành tòa nhà ≤72h; công trường thi công lại ≤7 ngày.','Diễn tập thực binh 1 lần/năm trước mùa bão (tháng 6) — bắt buộc theo Luật PCCC&CNCH cho phần CNCH.');
INSERT INTO scenarios (id,grp,lv,name,trigger_desc,assumption,force_desc,sla,drill) VALUES ('KB-B4','B',3,'Ngập hầm xe do mưa hoàn lưu (sự cố trọng điểm)','Mưa hoàn lưu sau bão >150mm/12h; nước đường đô thị dâng tràn ram dốc; bơm hầm quá công suất hoặc mất điện.','Nước vào hầm B1 200–500m³; nguy cơ ngập tủ điện, trạm bơm PCCC đặt tại hầm; ~50–200 xe máy + ô tô trong hầm; nguy cơ chập điện – cháy (liên động PCCC).','Tổ kỹ thuật + bảo vệ dự án bị ảnh hưởng; chi viện bơm từ dự án lân cận + công trường (bơm 5HP); xe cơ động VP.','Phát hiện nước tràn ≤5 phút (tuần tra 30 phút/lần); di dời xe điện ≤60 phút; 0 sự cố điện giật.','Diễn tập kéo bơm chi viện liên dự án 2 lần/mùa.');
INSERT INTO scenarios (id,grp,lv,name,trigger_desc,assumption,force_desc,sla,drill) VALUES ('KB-B5','B',2,'Bung – vỡ kính mặt ngoài khi gió giật','Gió giật ≥cấp 9 tại chỗ; phát hiện cửa kính rung mạnh/bung nẹp tại căn hộ, sảnh, siêu thị hoặc vách kính VP tầng 3-4 CTN.','1–5 ô kính vỡ rơi từ tầng cao; nước hắt vào căn hộ/khu hoàn thiện; nguy hiểm người bên dưới.','Tổ bảo trì + bảo vệ tại chỗ; đội nhôm kính công trường chi viện sau gió.','Rào chắn ≤10 phút từ khi phát hiện; 0 người bị thương do kính rơi.','Đưa vào diễn tập bàn tròn cùng KB-B2.');
INSERT INTO scenarios (id,grp,lv,name,trigger_desc,assumption,force_desc,sla,drill) VALUES ('KB-B6','B',4,'Mất điện lưới toàn khu >24h · nhiều cơ sở cùng ảnh hưởng','Lưới điện khu vực sự cố diện rộng (kịch bản Yagi: nhiều nơi mất điện 2–5 ngày).','5 tòa nhà chạy máy phát; nhiên liệu tiêu hao ~40–60 lít/máy/ngày; thang máy dừng; nước sinh hoạt phụ thuộc bơm.','Tổ kỹ thuật các BQL + Mua hàng (tiếp dầu) + MKT (thông báo cắt giảm tải).','Không gián đoạn bơm PCCC; cư dân có nước sinh hoạt ≥2 khung giờ/ngày; dầu dự trữ không xuống dưới 30%.','Chạy thử tải thật máy phát 1 lần/quý.');
INSERT INTO scenarios (id,grp,lv,name,trigger_desc,assumption,force_desc,sla,drill) VALUES ('KB-C1','C',2,'Cháy căn hộ (sự cố mức 1–2)','Báo cháy tự động 1 điểm hoặc cư dân báo qua hotline; khói từ 1 căn hộ.','Cháy chập điện/bếp trong 1 căn; khói lan hành lang 1 tầng; 5–20 cư dân cần hướng dẫn thoát nạn tầng đó.','Đội PCCC cơ sở BQL (ca trực 7–8 người); cảnh sát PCCC 114.','114 được gọi ≤2 phút; đội cơ sở tiếp cận ≤4 phút; sơ tán tầng ≤10 phút.','Diễn tập từng tòa ≥1 lần/năm cùng cư dân (mô hình Mori Building – có cả cư dân tham gia).');
INSERT INTO scenarios (id,grp,lv,name,trigger_desc,assumption,force_desc,sla,drill) VALUES ('KB-C2','C',3,'Cháy hầm xe – xe điện (rủi ro cao nhất NƠXH)','Báo khói tầng hầm; camera phát hiện khói khu sạc xe điện.','1 xe máy điện cháy khi sạc, lan 3–10 xe liền kề; khói độc đặc hầm rất nhanh; nguy cơ nổ pin lithium tái phát nhiều giờ.','Toàn đội PCCC cơ sở + 114 (báo rõ «cháy xe điện tầng hầm»); cắt điện toàn hầm.','Phát hiện ≤3 phút (tuần tra + camera); báo động toàn tòa ≤5 phút; 0 người kẹt trong hầm.','Diễn tập chuyên đề hầm xe 1 lần/năm; kiểm tra khu sạc hằng tuần theo Luật 55/2024.');
INSERT INTO scenarios (id,grp,lv,name,trigger_desc,assumption,force_desc,sla,drill) VALUES ('KB-C3','C',3,'Chập điện do ngập → cháy (liên động PCLB-PCCC)','Đang mưa bão/ngập hầm, phát hiện khét – khói tại tủ điện, phòng kỹ thuật.','Tủ điện tầng hầm ẩm nước phóng điện; hệ báo cháy có thể lỗi do ẩm; lực lượng đang phân tán chống ngập.','Tổ kỹ thuật (ưu tiên số 1 quay về sự cố điện) + đội PCCC cơ sở; 114 nếu vượt khả năng.','Cắt điện đúng khu vực ≤3 phút; 0 điện giật; bơm chống ngập không gián đoạn >15 phút.','Ghép vào diễn tập PCLB thường niên (bắt buộc có tình huống này).');
INSERT INTO scenarios (id,grp,lv,name,trigger_desc,assumption,force_desc,sla,drill) VALUES ('KB-C4','C',2,'Cháy tại công trường (hàn cắt / kho vật tư / lán trại)','Phát hiện khói-lửa tại tầng thi công, kho vật tư, khu lán trại nhà thầu.','Vảy hàn bén bạt/xốp/ván khuôn; đám cháy phát triển nhanh theo vật liệu; công nhân đông, lối thoát công trường phức tạp.','Đội PCCC cơ sở công trường (≥25 người theo Luật 55/2024) + bảo vệ + 114.','Báo động ≤2 phút; điểm danh đủ quân số ≤15 phút; phiếu công tác nóng 100% khi hàn cắt.','Diễn tập công trường 1 lần/năm + huấn luyện ATLĐ đầu vào 100% công nhân.');

-- SCENARIO_ACTIONS (50)
INSERT INTO scenario_actions (scenario_id,seq,action_text) VALUES ('KB-B1',1,'Phát lệnh cấp VÀNG – kịch bản mưa (gói RP/RD/RA)');
INSERT INTO scenario_actions (scenario_id,seq,action_text) VALUES ('KB-B1',2,'Dừng làm việc trên cao, hạ người khỏi giàn giáo khi có sét');
INSERT INTO scenario_actions (scenario_id,seq,action_text) VALUES ('KB-B1',3,'Trực bơm liên tục, cô lập điện khu vực ngập');
INSERT INTO scenario_actions (scenario_id,seq,action_text) VALUES ('KB-B1',4,'Rào chắn điểm ngập, cấm xuống hố PIT');
INSERT INTO scenario_actions (scenario_id,seq,action_text) VALUES ('KB-B1',5,'Sau mưa: bơm cạn – kiểm tra điện – cho làm lại theo lệnh');
INSERT INTO scenario_actions (scenario_id,seq,action_text) VALUES ('KB-B2',1,'Kích hoạt cấp CAM – phát toàn bộ nhiệm vụ trước bão');
INSERT INTO scenario_actions (scenario_id,seq,action_text) VALUES ('KB-B2',2,'Hạ cần cẩu tháp, vận thăng về tầng 1, ngắt điện thiết bị nâng');
INSERT INTO scenario_actions (scenario_id,seq,action_text) VALUES ('KB-B2',3,'Bao cát cửa hầm + sảnh; chạy thử toàn bộ bơm & máy phát');
INSERT INTO scenario_actions (scenario_id,seq,action_text) VALUES ('KB-B2',4,'Mua gối đầu nhu yếu phẩm (lệnh T-48, hàng về ≤12h)');
INSERT INTO scenario_actions (scenario_id,seq,action_text) VALUES ('KB-B2',5,'MKT phát chuỗi ZL-04→ZL-15 đúng mốc thời gian');
INSERT INTO scenario_actions (scenario_id,seq,action_text) VALUES ('KB-B3',1,'Lệnh DỪNG toàn bộ thi công + sơ tán trước T-6');
INSERT INTO scenario_actions (scenario_id,seq,action_text) VALUES ('KB-B3',2,'Cư dân: khuyến cáo ở trong căn hộ, chèn băng keo cửa kính lớn, không ra ban công');
INSERT INTO scenario_actions (scenario_id,seq,action_text) VALUES ('KB-B3',3,'Cấm tuyệt đối ra ngoài xử lý khi gió mạnh (bài học tử vong Yagi)');
INSERT INTO scenario_actions (scenario_id,seq,action_text) VALUES ('KB-B3',4,'Máy phát chỉ cấp tải ưu tiên; theo dõi hầm bằng phao báo mức');
INSERT INTO scenario_actions (scenario_id,seq,action_text) VALUES ('KB-B3',5,'Sau bão: quy trình R0→R7, chưa ai quay lại khi chưa có lệnh');
INSERT INTO scenario_actions (scenario_id,seq,action_text) VALUES ('KB-B4',1,'Hạ tấm chắn + đắp bao cát 2 lớp cửa hầm; CẤM cư dân xuống hầm');
INSERT INTO scenario_actions (scenario_id,seq,action_text) VALUES ('KB-B4',2,'Di dời xe (ưu tiên xe điện) lên mặt đất theo loa gọi từng tầng');
INSERT INTO scenario_actions (scenario_id,seq,action_text) VALUES ('KB-B4',3,'CẮT ĐIỆN hầm trước khi nước chạm tủ; giữ nguồn riêng cho bơm');
INSERT INTO scenario_actions (scenario_id,seq,action_text) VALUES ('KB-B4',4,'Chạy toàn bộ bơm + bơm chi viện; trực 2 người/máy');
INSERT INTO scenario_actions (scenario_id,seq,action_text) VALUES ('KB-B4',5,'Sau rút nước: khử khuẩn, kiểm tra cách điện rồi mới cấp lại');
INSERT INTO scenario_actions (scenario_id,seq,action_text) VALUES ('KB-B5',1,'Rào chắn ngay khu vực bên dưới, sơ tán người khỏi vệt rơi');
INSERT INTO scenario_actions (scenario_id,seq,action_text) VALUES ('KB-B5',2,'Đưa cư dân/căn hộ liên quan sang phòng SHCĐ tầng an toàn');
INSERT INTO scenario_actions (scenario_id,seq,action_text) VALUES ('KB-B5',3,'KHÔNG cử người ra gia cố khi gió còn mạnh — chỉ xử lý từ phía trong');
INSERT INTO scenario_actions (scenario_id,seq,action_text) VALUES ('KB-B5',4,'Chèn khăn/băng keo chữ X các ô kính lớn liền kề');
INSERT INTO scenario_actions (scenario_id,seq,action_text) VALUES ('KB-B5',5,'Sau gió: đội nhôm kính vá tạm bằng bạt + ván, lập biên bản thiệt hại');
INSERT INTO scenario_actions (scenario_id,seq,action_text) VALUES ('KB-B6',1,'Máy phát chỉ cấp tải ưu tiên: bơm nước SH theo khung giờ, bơm PCCC, chiếu sáng hành lang, 1 thang máy cứu hộ');
INSERT INTO scenario_actions (scenario_id,seq,action_text) VALUES ('KB-B6',2,'Lập lịch bơm nước + thông báo khung giờ cho cư dân');
INSERT INTO scenario_actions (scenario_id,seq,action_text) VALUES ('KB-B6',3,'Điều phối tiếp dầu: định mức 200 lít/dự án, đặt thêm theo hợp đồng nguyên tắc');
INSERT INTO scenario_actions (scenario_id,seq,action_text) VALUES ('KB-B6',4,'Điểm sạc điện thoại miễn phí tại sảnh (bài học Viettel sau Yagi)');
INSERT INTO scenario_actions (scenario_id,seq,action_text) VALUES ('KB-B6',5,'Theo dõi nhiệt độ máy phát, nghỉ luân phiên theo khuyến cáo kỹ thuật');
INSERT INTO scenario_actions (scenario_id,seq,action_text) VALUES ('KB-C1',1,'Bấm chuông báo động tầng + GỌI 114 ngay (không chờ xác minh xong)');
INSERT INTO scenario_actions (scenario_id,seq,action_text) VALUES ('KB-C1',2,'Cắt điện tầng cháy; thang máy về tầng 1 khóa');
INSERT INTO scenario_actions (scenario_id,seq,action_text) VALUES ('KB-C1',3,'Đội cơ sở dùng bình + họng nước khống chế; cứu người trước');
INSERT INTO scenario_actions (scenario_id,seq,action_text) VALUES ('KB-C1',4,'Hướng dẫn cư dân thoát theo thang bộ, khăn ướt che mũi, KHÔNG thang máy');
INSERT INTO scenario_actions (scenario_id,seq,action_text) VALUES ('KB-C1',5,'Đón xe 114, bàn giao sơ đồ + chìa khóa kỹ thuật; bảo vệ hiện trường');
INSERT INTO scenario_actions (scenario_id,seq,action_text) VALUES ('KB-C2',1,'Báo động toàn tòa + gọi 114 nêu rõ cháy pin xe điện');
INSERT INTO scenario_actions (scenario_id,seq,action_text) VALUES ('KB-C2',2,'Kích hoạt quạt hút khói hầm; cắt điện hầm & trạm sạc');
INSERT INTO scenario_actions (scenario_id,seq,action_text) VALUES ('KB-C2',3,'TUYỆT ĐỐI không dùng nước trực tiếp vào pin đang cháy gần người — dùng bình chuyên dụng/cát, ưu tiên cô lập & sơ tán');
INSERT INTO scenario_actions (scenario_id,seq,action_text) VALUES ('KB-C2',4,'Chặn cư dân xuống hầm lấy xe; sơ tán theo thang bộ');
INSERT INTO scenario_actions (scenario_id,seq,action_text) VALUES ('KB-C2',5,'Sau dập: canh chừng tái cháy pin ≥24h, kiểm định trước khi mở hầm');
INSERT INTO scenario_actions (scenario_id,seq,action_text) VALUES ('KB-C3',1,'CẮT ĐIỆN tổng khu vực sự cố trước — người cắt phải đứng nơi khô, có ủng + găng cách điện');
INSERT INTO scenario_actions (scenario_id,seq,action_text) VALUES ('KB-C3',2,'Dùng bình CO2/bột — TUYỆT ĐỐI không dùng nước khi chưa cắt điện');
INSERT INTO scenario_actions (scenario_id,seq,action_text) VALUES ('KB-C3',3,'Sơ tán khu lân cận, mở thông gió');
INSERT INTO scenario_actions (scenario_id,seq,action_text) VALUES ('KB-C3',4,'Duy trì nguồn riêng cho bơm PCLB còn lại (không cắt nhầm toàn hệ)');
INSERT INTO scenario_actions (scenario_id,seq,action_text) VALUES ('KB-C3',5,'Lập biên bản, không tái cấp điện khi chưa đo cách điện');
INSERT INTO scenario_actions (scenario_id,seq,action_text) VALUES ('KB-C4',1,'Còi báo động toàn công trường + gọi 114');
INSERT INTO scenario_actions (scenario_id,seq,action_text) VALUES ('KB-C4',2,'Cắt điện khu vực; di chuyển bình khí, sơn, dung môi ra xa');
INSERT INTO scenario_actions (scenario_id,seq,action_text) VALUES ('KB-C4',3,'Dập bằng bình bột + cát; nước chỉ khi không còn điện');
INSERT INTO scenario_actions (scenario_id,seq,action_text) VALUES ('KB-C4',4,'Điểm danh toàn bộ công nhân theo tổ đội tại điểm tập kết');
INSERT INTO scenario_actions (scenario_id,seq,action_text) VALUES ('KB-C4',5,'Điều tra nguyên nhân, siết phiếu công tác nóng (hot-work permit)');

-- NORMS (15)
INSERT INTO norms (category,name,unit,tn,cty,eco,ctn,note) VALUES ('A. Bảo hộ cá nhân','Quần áo chữa cháy chuyên dụng','Bộ',5,7,8,5,'Bàn giao luân chuyển giữa 2 ca tại phòng an ninh — không cấp riêng cá nhân');
INSERT INTO norms (category,name,unit,tn,cty,eco,ctn,note) VALUES ('A. Bảo hộ cá nhân','Mũ bảo hộ cứu nạn có kính che','Cái',5,7,8,5,'Chống va đập vật rơi khi dọn cây, cứu nạn');
INSERT INTO norms (category,name,unit,tn,cty,eco,ctn,note) VALUES ('A. Bảo hộ cá nhân','Ủng cao su mũi thép','Đôi',5,7,8,5,'Chống chập điện nước ngập hầm, chống đinh');
INSERT INTO norms (category,name,unit,tn,cty,eco,ctn,note) VALUES ('A. Bảo hộ cá nhân','Găng tay PCCC & chống cắt','Đôi',5,7,8,5,'Chống trượt khi bốc bao cát');
INSERT INTO norms (category,name,unit,tn,cty,eco,ctn,note) VALUES ('A. Bảo hộ cá nhân','Mặt nạ lọc độc phòng khói','Cái',10,120,120,40,'GIỮ NGUYÊN số lượng — phục vụ cứu nạn thoát hiểm cư dân');
INSERT INTO norms (category,name,unit,tn,cty,eco,ctn,note) VALUES ('B. Phá dỡ cứu nạn','Rìu cứu hỏa chuyên dụng','Cái',1,4,4,2,'Gắn với tủ PCCC tòa nhà, không phụ thuộc ca trực');
INSERT INTO norms (category,name,unit,tn,cty,eco,ctn,note) VALUES ('B. Phá dỡ cứu nạn','Búa tạ 5kg','Cái',1,4,4,2,'');
INSERT INTO norms (category,name,unit,tn,cty,eco,ctn,note) VALUES ('B. Phá dỡ cứu nạn','Xà beng / xà cầy','Cái',2,8,8,4,'');
INSERT INTO norms (category,name,unit,tn,cty,eco,ctn,note) VALUES ('B. Phá dỡ cứu nạn','Kìm cộng lực cắt thép','Cái',1,4,4,2,'');
INSERT INTO norms (category,name,unit,tn,cty,eco,ctn,note) VALUES ('C. Chống lụt – chống úng','Bơm tõm chìm chống úng','Cái',2,8,10,2,'Thống Nhất cao hơn do 2 hầm 4 dốc riêng biệt');
INSERT INTO norms (category,name,unit,tn,cty,eco,ctn,note) VALUES ('C. Chống lụt – chống úng','Bao cát chặn tràn dốc ram','Bao',30,160,160,40,'ECO: 80 bao/lối × 2 lối · TN: 40 bao/lối × 4 lối');
INSERT INTO norms (category,name,unit,tn,cty,eco,ctn,note) VALUES ('C. Chống lụt – chống úng','Xe rùa / xe cải tiến','Cái',1,4,4,2,'Bảo vệ + vệ sinh phối hợp chuyển cát');
INSERT INTO norms (category,name,unit,tn,cty,eco,ctn,note) VALUES ('D. Thông tin – chiếu sáng','Đèn LED tích điện di động','Cái',3,16,16,6,'Cố định tại chốt trực, soi đường khi mất điện');
INSERT INTO norms (category,name,unit,tn,cty,eco,ctn,note) VALUES ('D. Thông tin – chiếu sáng','Loa phát thanh cầm tay','Cái',1,4,4,2,'Ca trưởng điều phối hướng dẫn thoát nạn');
INSERT INTO norms (category,name,unit,tn,cty,eco,ctn,note) VALUES ('D. Thông tin – chiếu sáng','Máy bộ đàm + dock sạc','Bộ',5,7,8,8,'Đủ quân số 1 ca; hết ca ký bàn giao cho ca sau');

-- PCCC_INVENTORY (27)
INSERT INTO pccc_inventory (name,unit,tn,cty,eco,ctn,note,alert) VALUES ('Mặt nạ phòng độc','Cái',80,30,'—','—','TN: toàn bộ HẾT HSD → mua mới; ECO: rà HSD phin lọc hằng tháng',1);
INSERT INTO pccc_inventory (name,unit,tn,cty,eco,ctn,note,alert) VALUES ('Bơm tõm/bơm chìm chống úng','Cái','—',0,2,2,'ECO KHÔNG có bơm dự phòng — mua khẩn; CTN & Nhà M chạy thử hằng tháng',1);
INSERT INTO pccc_inventory (name,unit,tn,cty,eco,ctn,note,alert) VALUES ('Bộ đàm','Cái',14,13,5,6,'Ký bàn giao giữa 2 ca kèm dock sạc',0);
INSERT INTO pccc_inventory (name,unit,tn,cty,eco,ctn,note,alert) VALUES ('Áo mưa','Bộ',19,8,5,5,'Phơi khô trước khi gấp',0);
INSERT INTO pccc_inventory (name,unit,tn,cty,eco,ctn,note,alert) VALUES ('Ủng','Đôi',13,6,7,6,'',0);
INSERT INTO pccc_inventory (name,unit,tn,cty,eco,ctn,note,alert) VALUES ('Mũ bảo hộ','Cái',8,'—',5,5,'',0);
INSERT INTO pccc_inventory (name,unit,tn,cty,eco,ctn,note,alert) VALUES ('Quần áo bảo hộ/chữa cháy','Bộ',16,3,'—','—','ECO có 3 bộ quần áo chữa cháy riêng',0);
INSERT INTO pccc_inventory (name,unit,tn,cty,eco,ctn,note,alert) VALUES ('Đèn pin cầm tay to','Cái',3,4,4,'—','TN: 2/3 hỏng (1 hỏng sạc, 1 hỏng chân sạc) → sửa/thay',1);
INSERT INTO pccc_inventory (name,unit,tn,cty,eco,ctn,note,alert) VALUES ('Đèn LED tích điện','Cái',3,1,4,'—','Sạc kiểm tra hằng tuần',0);
INSERT INTO pccc_inventory (name,unit,tn,cty,eco,ctn,note,alert) VALUES ('Đèn pin đeo đầu','Cái',3,2,'—','—','',0);
INSERT INTO pccc_inventory (name,unit,tn,cty,eco,ctn,note,alert) VALUES ('Loa phát thanh cầm tay','Cái',3,1,1,'—','TN hết pin đại → mua gối đầu',1);
INSERT INTO pccc_inventory (name,unit,tn,cty,eco,ctn,note,alert) VALUES ('Gậy cảnh báo','Cái',3,'—','—','—','Hết pin đại',1);
INSERT INTO pccc_inventory (name,unit,tn,cty,eco,ctn,note,alert) VALUES ('Thang dây','Cái',2,'—',1,1,'',0);
INSERT INTO pccc_inventory (name,unit,tn,cty,eco,ctn,note,alert) VALUES ('Thang chữ A / thang rút','Cái','2+1+1','1 (2m)','1 (rút)','3 (3m·6m·inox 2.5m)','',0);
INSERT INTO pccc_inventory (name,unit,tn,cty,eco,ctn,note,alert) VALUES ('Cáng cứu thương','Cái',2,1,1,1,'',0);
INSERT INTO pccc_inventory (name,unit,tn,cty,eco,ctn,note,alert) VALUES ('Xe lăn','Cái',2,1,'—','—','TN thiếu 1 (anh Nam mượn) → thu hồi',1);
INSERT INTO pccc_inventory (name,unit,tn,cty,eco,ctn,note,alert) VALUES ('Xà beng / xà cầy','Cái','2+2','1+1','3+2','2+2','Bôi dầu chống rỉ định kỳ',0);
INSERT INTO pccc_inventory (name,unit,tn,cty,eco,ctn,note,alert) VALUES ('Búa tạ / búa đinh','Cái','1','1','2+2','2+2','',0);
INSERT INTO pccc_inventory (name,unit,tn,cty,eco,ctn,note,alert) VALUES ('Kìm cộng lực','Cái',1,1,2,2,'',0);
INSERT INTO pccc_inventory (name,unit,tn,cty,eco,ctn,note,alert) VALUES ('Rìu / dao rựa','Cái','5+2','1 (dao)','—','2+4','Mài bén sẵn xử lý cây đổ',0);
INSERT INTO pccc_inventory (name,unit,tn,cty,eco,ctn,note,alert) VALUES ('Xẻng / cuốc','Cái','—','1+2','4+4','4+4','',0);
INSERT INTO pccc_inventory (name,unit,tn,cty,eco,ctn,note,alert) VALUES ('Bao cát','Bao','—','—',25,'—','CTN che đậy khô ráo tránh mục bao',0);
INSERT INTO pccc_inventory (name,unit,tn,cty,eco,ctn,note,alert) VALUES ('Dây thép buộc','kg','1 cuộn 3mm','1.5+1','5 (1.5ly)','10 (3ly)','',0);
INSERT INTO pccc_inventory (name,unit,tn,cty,eco,ctn,note,alert) VALUES ('Xe rùa / xe cải tiến','Cái','—',1,'—',1,'',0);
INSERT INTO pccc_inventory (name,unit,tn,cty,eco,ctn,note,alert) VALUES ('Túi cứu thương','Cái','—','—','—',1,'Kiểm tra HSD bông băng thuốc',0);
INSERT INTO pccc_inventory (name,unit,tn,cty,eco,ctn,note,alert) VALUES ('Dùi cui điện','Cái',1,'—','—','—','Hỏng → sửa/thanh lý',1);
INSERT INTO pccc_inventory (name,unit,tn,cty,eco,ctn,note,alert) VALUES ('Mặt bằng trực','—','SHCĐ N1-2 · T20 N2','P.SHCD + T20 CT3','Tầng 3','SHCĐ M1 · P.điện M2','Khu nghỉ trực đã phân theo KHPCLB 7.2026',0);

-- INVENTORY_GAPS (12)
INSERT INTO inventory_gaps (priority,unit_code,item,qty,issue,action,flag) VALUES ('P1','TN','Mặt nạ phòng độc','80 cái','Toàn bộ HẾT HẠN sử dụng','Mua mới thay thế khẩn cấp — an toàn tính mạng cư dân/CBNV',1);
INSERT INTO inventory_gaps (priority,unit_code,item,qty,issue,action,flag) VALUES ('P1','ECO','Máy bơm tõm chống úng dự phòng','0/1-2 cái','KHÔNG có bơm dự phòng','Mua khẩn 1-2 máy trước cao điểm mưa bão; tạm thời điều phối từ CTN/công trường',1);
INSERT INTO inventory_gaps (priority,unit_code,item,qty,issue,action,flag) VALUES ('P1','Kho cứu trợ','Áo phao cứu sinh','5/20 cái','Thất thoát 12 cái','Dụng cụ cứu sinh cốt lõi — mua bù 15 cái ngay + truy trách nhiệm',1);
INSERT INTO inventory_gaps (priority,unit_code,item,qty,issue,action,flag) VALUES ('P1','Kho cứu trợ','Đèn pin các loại','0/10','Mất toàn bộ 11 cái','Mua 10 đèn tích điện mới; quy trách nhiệm thủ kho theo Điều 3',1);
INSERT INTO inventory_gaps (priority,unit_code,item,qty,issue,action,flag) VALUES ('P2','TN','Đèn pin cầm tay to','1/3 hoạt động','2 cái hỏng sạc/chân sạc','Sửa hoặc thay mới 2 cái phục vụ tuần tra đêm',2);
INSERT INTO inventory_gaps (priority,unit_code,item,qty,issue,action,flag) VALUES ('P2','TN','Pin đại cho gậy cảnh báo + loa','Hết pin','Gậy 3 cái + loa 3 cái hết pin đại','Mua gối đầu pin đại (không lắp sẵn)',2);
INSERT INTO inventory_gaps (priority,unit_code,item,qty,issue,action,flag) VALUES ('P2','Kho cứu trợ','Sạc dự phòng','1/15','Thất thoát 11 cái','Yêu cầu thủ kho xác định ai mượn chưa trả; mua bù theo định mức 15',2);
INSERT INTO inventory_gaps (priority,unit_code,item,qty,issue,action,flag) VALUES ('P2','Kho cứu trợ','Bếp ga mini + bếp cồn + cồn khô','2+2+0','Mất 3+3 bếp, 40 hộp cồn','Mua bù trước mùa cao điểm; cồn khô mua gối đầu',2);
INSERT INTO inventory_gaps (priority,unit_code,item,qty,issue,action,flag) VALUES ('P2','ECO','Mặt nạ phòng độc','30 cái','Cần đối chiếu HSD phin lọc','Kiểm tra HSD hằng tháng, thay phin hết hạn',2);
INSERT INTO inventory_gaps (priority,unit_code,item,qty,issue,action,flag) VALUES ('P3','TN','Xe lăn','1/2','Anh Nam mượn chưa trả','Thu hồi về phòng trực y tế/PCCC',3);
INSERT INTO inventory_gaps (priority,unit_code,item,qty,issue,action,flag) VALUES ('P3','TN','Dùi cui điện','0/1','Hỏng','Bảo hành/sửa hoặc thanh lý mua mới',3);
INSERT INTO inventory_gaps (priority,unit_code,item,qty,issue,action,flag) VALUES ('P3','Kho cứu trợ','Kìm cắt, búa, dây thừng','Mất hết','Hụt 2 kìm + 1 búa to + 2 búa nhỏ + dây','Thủ kho giải trình; mua bổ sung 02 mỗi loại',3);

-- COST_STRUCT (7)
INSERT INTO cost_struct (code,name,description,evidence,approver) VALUES ('01','Nhân công trực & tăng cường','Lương trực bão theo ca 12h; làm thêm theo Bộ luật Lao động (150–300%); công nhật khắc phục','Bảng chấm công tách riêng giờ sự kiện + DS trực đã duyệt','Trưởng đơn vị chấm → KTT soát');
INSERT INTO cost_struct (code,name,description,evidence,approver) VALUES ('02','Nhu yếu phẩm & hậu cần trực','Định mức 4 bữa/người/ngày: 2 mì + 2 sữa + 2 bánh mì + 1 xúc xích + nước bình (phân bổ 20-20-15-10-20)','Máy tính hậu cần của hệ thống này; mua theo hợp đồng nguyên tắc','≤5tr: Trưởng BQL · >5tr: GĐ QLN');
INSERT INTO cost_struct (code,name,description,evidence,approver) VALUES ('03','Nhiên liệu máy phát – máy bơm','Dầu diesel 200 lít/dự án/đợt (định mức KHPCLB); xăng máy bơm 6.5HP','Nhật ký giờ chạy máy (máy nào, mục đích, số giờ) — chuẩn ICS','GĐ QLN duyệt vượt định mức');
INSERT INTO cost_struct (code,name,description,evidence,approver) VALUES ('04','Vật tư tiêu hao PCLB','Bao cát, bạt, dây thép, pin, cồn khô, thuốc y tế — theo định mức V7 & kho cứu trợ','Phiếu xuất kho + biên bản sử dụng; kiểm kê bù ngay sau sự kiện','Theo định mức: tự động · vượt: GĐ');
INSERT INTO cost_struct (code,name,description,evidence,approver) VALUES ('05','Thuê ngoài khẩn cấp','Bơm công suất lớn, cẩu kéo, nạo vét, xe tải — kích hoạt hợp đồng nguyên tắc ký trước mùa bão','CẤM cost-plus-%; đơn giá chốt trước hoặc theo giờ máy có nhật trình','GĐ ≤20tr · TGĐ >20tr');
INSERT INTO cost_struct (code,name,description,evidence,approver) VALUES ('06','Khắc phục – sửa chữa sau bão','Kính, mái, cửa, chống thấm, cây xanh, thiết bị hỏng','Biên bản thiệt hại + ảnh trước/sau + 3 báo giá (sau khi hết lệnh khẩn)','TGĐ duyệt theo tổng dự toán');
INSERT INTO cost_struct (code,name,description,evidence,approver) VALUES ('07','Cứu trợ & phúc lợi','Hỗ trợ CBNV/cư dân bị thiệt hại; xuất kho cứu trợ; điểm sạc miễn phí','Danh sách ký nhận + duyệt của BCH','TGĐ / Công đoàn');

-- RESP_MATRIX (12)
INSERT INTO resp_matrix (role_title,responsibility,output_desc) VALUES ('Ban Chỉ huy (Chỉ huy trưởng: CHỦ TỊCH)','Quyết định cấp độ, điều phối, dừng/khôi phục hoạt động','Phê duyệt ngân sách, cứu trợ lớn');
INSERT INTO resp_matrix (role_title,responsibility,output_desc) VALUES ('Văn phòng Chủ tịch','Cơ quan THƯỜNG TRỰC: tiếp nhận tin, tham mưu cấp độ, phát lệnh, điều phối, liên hệ địa phương; phụ trách CNCH & thiện nguyện','Lệnh kích hoạt & báo cáo hợp nhất');
INSERT INTO resp_matrix (role_title,responsibility,output_desc) VALUES ('Trung tâm HC-NS','Quản lý TOÀN BỘ hệ thống kho (tổng, vệ tinh, tủ trực, cơ động, kho ảo), nhân sự, phương tiện, hậu cần, mua sắm; PCLB văn phòng','Sổ tổng nhập-xuất-tồn & quyền điều chuyển');
INSERT INTO resp_matrix (role_title,responsibility,output_desc) VALUES ('Cty TNHH Xây lắp Cát Tường','Phụ trách PCLB tại CÔNG TRƯỜNG: phương án theo cụm/tòa, thiết bị nâng, lực lượng trực kỹ thuật','Xác nhận điều kiện thi công lại');
INSERT INTO resp_matrix (role_title,responsibility,output_desc) VALUES ('Cty TNHH QLN TNT','Phụ trách PCLB các DỰ ÁN vận hành: trực 24/24, hầm, cư dân, kho vệ tinh','Bảo quản trực tiếp kho vệ tinh');
INSERT INTO resp_matrix (role_title,responsibility,output_desc) VALUES ('Trung tâm Pháp chế','Soạn thảo/rà soát Quy định, phương án, hợp đồng, hồ sơ cứu trợ; tư vấn trách nhiệm pháp lý, bồi thường','Hồ sơ sự cố nghiêm trọng');
INSERT INTO resp_matrix (role_title,responsibility,output_desc) VALUES ('Tài chính – Kế toán','Nguồn tiền, hạn mức tạm ứng, thanh toán khẩn; mã chi phí riêng từng đợt; không trộn nguồn đóng góp','Theo dõi riêng từng sự kiện/đợt cứu trợ');
INSERT INTO resp_matrix (role_title,responsibility,output_desc) VALUES ('IT / Chuyển đổi số','Dữ liệu, UPS, cảm biến rò nước, cảnh báo, bộ đàm, kết nối, làm việc từ xa; phát triển app/AI hỗ trợ','Sao lưu & thứ tự khôi phục');
INSERT INTO resp_matrix (role_title,responsibility,output_desc) VALUES ('Truyền thông','Thông tin chính thức, cảnh báo, hướng dẫn; chỉ người được phân công phát ngôn','Kiểm duyệt hình ảnh & dữ liệu');
INSERT INTO resp_matrix (role_title,responsibility,output_desc) VALUES ('Kiểm soát nội bộ','Kiểm tra chéo số liệu, chứng từ, báo cáo, điểm bất thường về tài sản – chi phí','Báo cáo độc lập lên Ban Lãnh đạo');
INSERT INTO resp_matrix (role_title,responsibility,output_desc) VALUES ('An toàn – Y tế & Bảo vệ','Nguy cơ, sơ cứu, thuốc, PPE, sức khỏe người tham gia; kiểm soát ra vào, chìa khóa dự phòng, tuần tra, camera, vùng cấm','Bàn giao ca & bảo vệ hiện trường');
INSERT INTO resp_matrix (role_title,responsibility,output_desc) VALUES ('Nhà thầu & người lao động','Chấp hành lệnh; thu dọn, che chắn, chằng buộc phạm vi của mình; báo nguy cơ ngay','Ký xác nhận & chịu trách nhiệm phạm vi');

-- KHO_MODEL (5)
INSERT INTO kho_model (tier,manager,content) VALUES ('1. Kho TỔNG (Group)','Trung tâm HC-NS quản lý trực tiếp','Thiết bị chiến lược, hàng giá trị cao, BỘ CƠ ĐỘNG (xuất ≤30 phút), hàng cứu trợ dùng chung, dự phòng điều chuyển');
INSERT INTO kho_model (tier,manager,content) VALUES ('2. Kho VỆ TINH','BQL/đơn vị sở tại bảo quản theo biên bản','Đủ xử lý giai đoạn ban đầu; gần khu rủi ro nhưng KHÔNG trong vùng ngập/cháy/sập; mở kho ≤15 phút');
INSERT INTO kho_model (tier,manager,content) VALUES ('3. TỦ/ĐIỂM TRỰC','Ca trực — bàn giao theo ca','Đồ lấy trong vài phút: bộ đàm, đèn, áo mưa, ủng, dây cứu hộ, túi sơ cứu');
INSERT INTO kho_model (tier,manager,content) VALUES ('4. Kho CƠ ĐỘNG','Theo lệnh ứng phó','Bộ hàng đóng gói sẵn/điểm tập kết tạm — phải có người quản lý, sổ nhanh, che chắn');
INSERT INTO kho_model (tier,manager,content) VALUES ('5. KHO ẢO (nguồn cung dự phòng)','HC-NS duy trì ≥2 NCC/nhóm trọng yếu','Hợp đồng nguyên tắc, đầu mối 24/7, giao 6h/12h/24h — là lớp bảo đảm, KHÔNG thay thế định mức tại hiện trường');

-- GROUP_STORE (10)
INSERT INTO group_store (item,unit,qty,note) VALUES ('Áo phao','Chiếc',50,'Đánh số, kiểm tra đai khóa');
INSERT INTO group_store (item,unit,qty,note) VALUES ('Áo mưa','Bộ',100,'Đủ cỡ, đóng túi kín');
INSERT INTO group_store (item,unit,qty,note) VALUES ('Ủng cao su','Đôi',50,'Kiểm tra nứt/rò');
INSERT INTO group_store (item,unit,qty,note) VALUES ('Găng tay bảo hộ','Đôi',200,'Tách riêng găng cách điện');
INSERT INTO group_store (item,unit,qty,note) VALUES ('Đèn pin / đèn sạc','Chiếc',30,'Chống nước, có lịch sạc');
INSERT INTO group_store (item,unit,qty,note) VALUES ('Bộ đàm','Bộ',10,'IT cấu hình, đánh số');
INSERT INTO group_store (item,unit,qty,note) VALUES ('Túi sơ cứu','Bộ',10,'Theo dõi hạn dùng');
INSERT INTO group_store (item,unit,qty,note) VALUES ('Dây cứu hộ','Mét',300,'Ghi tải trọng làm việc');
INSERT INTO group_store (item,unit,qty,note) VALUES ('Bạt che','Tấm',20,'Đóng gói cơ động');
INSERT INTO group_store (item,unit,qty,note) VALUES ('Nhu yếu phẩm','—','Theo phương án','Hợp đồng giao ≤24h · quản lý lô FEFO · không tích trữ quá mức');

-- RELIEF_LEVELS (4)
INSERT INTO relief_levels (name,condition_desc,sla,authority) VALUES ('Cấp 1 – Hỗ trợ nhanh','< 50 hộ · giao thông bình thường','Sẵn sàng trong 24 giờ','Tổng Giám đốc / người được ủy quyền');
INSERT INTO relief_levels (name,condition_desc,sla,authority) VALUES ('Cấp 2 – Cứu trợ tập trung','50 – 300 hộ · có điểm tập kết','Sẵn sàng trong 18 giờ','Tổng Giám đốc / Chủ tịch');
INSERT INTO relief_levels (name,condition_desc,sla,authority) VALUES ('Cấp 3 – Cứu trợ khẩn cấp','> 300 hộ hoặc thiệt hại lớn','Sẵn sàng trong 12 giờ','Chủ tịch phê duyệt');
INSERT INTO relief_levels (name,condition_desc,sla,authority) VALUES ('Cấp 4 – Đặc biệt','Nhiều địa bàn · chia cắt · kéo dài nhiều ngày','Phương án riêng','CHỦ TỊCH trực tiếp chỉ huy');

-- BENCH (8)
INSERT INTO bench (org,practice,lesson) VALUES ('EVN / EVNNPC','Kích hoạt theo chuỗi công điện; BCH PCTT&TKCN các cấp; 4 tại chỗ; ứng trực 24/24; khôi phục nhanh sau bão','Cấp độ XANH→ĐỎ của CTG vận hành như «công điện nội bộ»: 1 lệnh kích hoạt = cả bộ máy chạy');
INSERT INTO bench (org,practice,lesson) VALUES ('Viettel (bão Yagi)','Cảnh báo 32 triệu thuê bao; 284 máy phát dự phòng; ~500 đội ứng cứu; 200 điểm sạc miễn phí; roaming chéo','Kịch bản KB-B6 mất điện >24h + điểm sạc sảnh cho cư dân');
INSERT INTO bench (org,practice,lesson) VALUES ('Vinhomes / Ocean City (Yagi)','Kích hoạt toàn đội kỹ thuật-môi trường ngay khi bão tan; cam kết diễn tập định kỳ; truyền thông trấn an','Gói R0–R7 sau bão + chuỗi content MKT-ZL-24→33');
INSERT INTO bench (org,practice,lesson) VALUES ('Tín hiệu bão Hồng Kông T1/T3/T8/T10','Mỗi nấc tín hiệu gắn sẵn checklist toàn xã hội; doanh nghiệp (cảng HIT) dừng/khôi phục theo trình tự ngược định sẵn','4 cấp XANH/VÀNG/CAM/ĐỎ ↔ gói nhiệm vụ gắn sẵn từng người trong file này');
INSERT INTO bench (org,practice,lesson) VALUES ('FEMA ICS/EOC (Mỹ)','3 cấp kích hoạt EOC; 5 khối chức năng; Finance/Admin mở mã chi phí ngay giờ đầu; hạn mức ủy quyền; cấm cost-plus-%','Ma trận cấp độ + module Chi phí chuẩn + mã sự kiện PCLB-năm-tên bão');
INSERT INTO bench (org,practice,lesson) VALUES ('Mitsubishi Estate (Nhật)','BCP điện dự phòng 72h; thỏa thuận trước với nhà thầu sửa chữa; đánh giá thiệt hại nhanh; PDCA sau diễn tập','Lộ trình GĐ3: chuẩn 72h + hợp đồng nguyên tắc NCC + AAR 4 câu hỏi');
INSERT INTO bench (org,practice,lesson) VALUES ('Mori Building (Nhật)','Diễn tập có cả cư dân + tenant; tòa nhà là điểm trú an toàn cho người mắc kẹt','Diễn tập KB-C1 cùng cư dân; phòng SHCĐ là điểm trú tập trung');
INSERT INTO bench (org,practice,lesson) VALUES ('Bài học Yagi 2024 (RRTT cấp 4, thiệt hại ~81,5 nghìn tỷ)','Vỡ kính mặt dựng hàng loạt; nước tràn khe cửa; ngập hầm sau bão; công trường phải hạ cẩu trước','KB-B3/B4/B5; quy tắc cẩu tháp cấp 8-12 hạ cần, ≥13 tháo cần; băng keo chữ X kính lớn');

-- FIRE_STEPS (5)
INSERT INTO fire_steps (step,title,description,sla) VALUES (1,'BÁO ĐỘNG','Hô hoán + nhấn nút báo cháy gần nhất; ca trực xác nhận vị trí trên tủ báo cháy trung tâm.','≤1 phút');
INSERT INTO fire_steps (step,title,description,sla) VALUES (2,'GỌI 114','Gọi ngay Cảnh sát PCCC 114 (nêu rõ: địa chỉ, tầng, loại cháy — đặc biệt nếu là xe điện/tầng hầm); song song báo BCH.','≤2 phút');
INSERT INTO fire_steps (step,title,description,sla) VALUES (3,'CỨU NGƯỜI','Ưu tiên tuyệt đối: hướng dẫn thoát nạn theo thang bộ, khăn ướt che mũi; cứu người mắc kẹt; KHÔNG dùng thang máy.','Liên tục');
INSERT INTO fire_steps (step,title,description,sla) VALUES (4,'CẮT ĐIỆN','Cắt điện khu vực cháy (aptomat tầng/khu); thang máy đưa về tầng 1; giữ nguồn bơm chữa cháy.','≤3 phút');
INSERT INTO fire_steps (step,title,description,sla) VALUES (5,'CHỮA CHÁY','Đội PCCC cơ sở dùng bình + họng nước khống chế đám cháy trong khả năng; đón và bàn giao cho lực lượng 114 (sơ đồ, chìa khóa kỹ thuật).','≤4 phút tiếp cận');

-- FOOD_ITEMS (5)
INSERT INTO food_items (k,name,unit,per_day,price) VALUES ('mi','Mì tôm','gói',2,4000);
INSERT INTO food_items (k,name,unit,per_day,price) VALUES ('sua','Sữa hộp','hộp',2,8000);
INSERT INTO food_items (k,name,unit,per_day,price) VALUES ('banh','Bánh mì','cái',2,7000);
INSERT INTO food_items (k,name,unit,per_day,price) VALUES ('xx','Xúc xích','gói',1,6000);
INSERT INTO food_items (k,name,unit,per_day,price) VALUES ('nuoc','Nước uống bình','bình',0.5,15000);

-- FOOD_UNITS (5)
INSERT INTO food_units (unit_code,name,staff) VALUES ('TN','Thống Nhất',27);
INSERT INTO food_units (unit_code,name,staff) VALUES ('ECO','ECO',24);
INSERT INTO food_units (unit_code,name,staff) VALUES ('CTN','Cát Tường New',8);
INSERT INTO food_units (unit_code,name,staff) VALUES ('PKT','Đội kỹ thuật QLN',11);
INSERT INTO food_units (unit_code,name,staff) VALUES ('CT','Công trường',40);

-- PHONEBOOK (77, includes PHONES map entries not already listed)
INSERT INTO phonebook (name,title,description,unit_code,group_name,phone) VALUES ('Lê Thái Hoàng','Giám đốc QLN','Trưởng team PCLB QLN','VP','','0967861551');
INSERT INTO phonebook (name,title,description,unit_code,group_name,phone) VALUES ('Phạm Thị Lan Hương','CSKH','Hậu cần ECO','VP','','0936172082');
INSERT INTO phonebook (name,title,description,unit_code,group_name,phone) VALUES ('Phạm Thị Quỳnh','QLCL','Hậu cần Khách sạn – TT Đông y','VP','','0378172446');
INSERT INTO phonebook (name,title,description,unit_code,group_name,phone) VALUES ('Đặng Thị Hồng Phương','Kế toán trưởng','Tài chính – mã chi phí sự kiện','VP','','0379026949');
INSERT INTO phonebook (name,title,description,unit_code,group_name,phone) VALUES ('Nguyễn Sỹ Mạnh Hùng','Kinh doanh','Hậu cần Nhà M – Yên Phong','VP','','0971189120');
INSERT INTO phonebook (name,title,description,unit_code,group_name,phone) VALUES ('Nguyễn Thị Phương Hoa','HCNS','Mua hàng – Hậu cần Bắc Ninh – CTN','VP','','0963123544');
INSERT INTO phonebook (name,title,description,unit_code,group_name,phone) VALUES ('Nguyễn Thị Yến Quyên','HCNS','Mua hàng – Hậu cần Yên Phong','VP','','0986072466');
INSERT INTO phonebook (name,title,description,unit_code,group_name,phone) VALUES ('Nguyễn Thị Hợi','Kinh doanh','Hậu cần Thống Nhất','VP','','0983195838');
INSERT INTO phonebook (name,title,description,unit_code,group_name,phone) VALUES ('Hà Việt Đại','Lái xe','Xe cơ động điều phối','VP','','0905854926');
INSERT INTO phonebook (name,title,description,unit_code,group_name,phone) VALUES ('Nguyễn Văn Mạnh','Trưởng ban','Trưởng ban phụ trách ECO','ECO','9','0912633659');
INSERT INTO phonebook (name,title,description,unit_code,group_name,phone) VALUES ('Nguyễn Duy Mạnh','Tổ trưởng VH cơ điện BN','Trực kỹ thuật ECO','ECO','9','0906199606');
INSERT INTO phonebook (name,title,description,unit_code,group_name,phone) VALUES ('Nguyễn Bình Dương','Bảo trì','Trực dự án ECO','ECO','9','0988145666');
INSERT INTO phonebook (name,title,description,unit_code,group_name,phone) VALUES ('Nguyễn Đức Quân','Bảo trì','Trực dự án ECO','ECO','9','0799201089');
INSERT INTO phonebook (name,title,description,unit_code,group_name,phone) VALUES ('Hoàng Ngọc Tuấn','Thang máy','Trực ECO – Thống Nhất','ECO','','0862290768');
INSERT INTO phonebook (name,title,description,unit_code,group_name,phone) VALUES ('Nguyễn Văn Nguyên','Bảo vệ','Ca ngày ECO','ECO','','0369698162');
INSERT INTO phonebook (name,title,description,unit_code,group_name,phone) VALUES ('Bùi Văn Hải','Bảo vệ','Ca ngày ECO','ECO','','0972585479');
INSERT INTO phonebook (name,title,description,unit_code,group_name,phone) VALUES ('Trịnh Quang Đồng','Bảo vệ','Ca ngày ECO','ECO','','0868492682');
INSERT INTO phonebook (name,title,description,unit_code,group_name,phone) VALUES ('Đỗ Đức Cường','Bảo vệ','Ca ngày ECO','ECO','','0366466883');
INSERT INTO phonebook (name,title,description,unit_code,group_name,phone) VALUES ('Ngô Văn Duy','Bảo vệ','Ca ngày ECO','ECO','','0972679161');
INSERT INTO phonebook (name,title,description,unit_code,group_name,phone) VALUES ('Hoàng Văn Sơn','Bảo vệ','Ca ngày ECO','ECO','','0906043338');
INSERT INTO phonebook (name,title,description,unit_code,group_name,phone) VALUES ('Kiều Cao Thế','Bảo vệ','Ca đêm ECO','ECO','','0359670638');
INSERT INTO phonebook (name,title,description,unit_code,group_name,phone) VALUES ('Hoàng Thế Trình','Bảo vệ','Ca đêm ECO','ECO','','0366445190');
INSERT INTO phonebook (name,title,description,unit_code,group_name,phone) VALUES ('Ngô Văn Phúc','Bảo vệ','Ca đêm ECO','ECO','','0906599380');
INSERT INTO phonebook (name,title,description,unit_code,group_name,phone) VALUES ('Nguyễn Đình Thụ','Bảo vệ','Ca đêm ECO','ECO','','0854527957');
INSERT INTO phonebook (name,title,description,unit_code,group_name,phone) VALUES ('Nguyễn Văn Thịnh','Bảo vệ','Ca đêm ECO','ECO','','0332587540');
INSERT INTO phonebook (name,title,description,unit_code,group_name,phone) VALUES ('Nguyễn Thị Lựa','Vệ sinh','CT1 ECO','ECO','','0961590557');
INSERT INTO phonebook (name,title,description,unit_code,group_name,phone) VALUES ('Nguyễn Thị Lộc','Vệ sinh','CT1 ECO','ECO','','0963691408');
INSERT INTO phonebook (name,title,description,unit_code,group_name,phone) VALUES ('Vũ Thị Thúy','Vệ sinh','CT2 ECO','ECO','','0868133571');
INSERT INTO phonebook (name,title,description,unit_code,group_name,phone) VALUES ('Nguyễn Thị Hạt','Vệ sinh','CT2 ECO','ECO','','0918856001');
INSERT INTO phonebook (name,title,description,unit_code,group_name,phone) VALUES ('Hoàng Thị Thanh','Vệ sinh','CT3 ECO','ECO','','0329959682');
INSERT INTO phonebook (name,title,description,unit_code,group_name,phone) VALUES ('Phạm Thị Hà','Vệ sinh','CT3 ECO','ECO','','0847761077');
INSERT INTO phonebook (name,title,description,unit_code,group_name,phone) VALUES ('Nguyễn Thị Thêu','Vệ sinh','CT4 ECO','ECO','','0397862318');
INSERT INTO phonebook (name,title,description,unit_code,group_name,phone) VALUES ('Nguyễn Thị Giang','Vệ sinh','CT4 ECO','ECO','','0398319978');
INSERT INTO phonebook (name,title,description,unit_code,group_name,phone) VALUES ('Trần Thị Hoa','Vệ sinh','Cảnh quan ECO','ECO','','0398402323');
INSERT INTO phonebook (name,title,description,unit_code,group_name,phone) VALUES ('Nguyễn Thị Gấm','Trưởng ban','Trưởng ban phụ trách CTN','CTN','5','0396426502');
INSERT INTO phonebook (name,title,description,unit_code,group_name,phone) VALUES ('Ngô Quốc Thái','Bảo trì','Trực dự án CTN','CTN','5','0975296567');
INSERT INTO phonebook (name,title,description,unit_code,group_name,phone) VALUES ('Nguyễn Đức Thìn','Bảo trì','Trực dự án CTN','CTN','5','0328052517');
INSERT INTO phonebook (name,title,description,unit_code,group_name,phone) VALUES ('Nguyễn Văn Hưng','Thang máy','Trực CTN','CTN','','0972763632');
INSERT INTO phonebook (name,title,description,unit_code,group_name,phone) VALUES ('Phạm Quốc Bình','Bảo vệ','Ca đêm CTN','CTN','5','0968540398');
INSERT INTO phonebook (name,title,description,unit_code,group_name,phone) VALUES ('Phạm Quang Hiếu','Bảo vệ','Ca ngày CTN','CTN','5','0353446255');
INSERT INTO phonebook (name,title,description,unit_code,group_name,phone) VALUES ('Nguyễn Thìn','Bảo vệ','Ca đêm CTN','CTN','5','0964196296');
INSERT INTO phonebook (name,title,description,unit_code,group_name,phone) VALUES ('Nguyễn Văn Tuấn','Bảo vệ','Ca đêm CTN','CTN','5','0389147465');
INSERT INTO phonebook (name,title,description,unit_code,group_name,phone) VALUES ('Phan Đình Chương','Bảo vệ','Ca ngày CTN','CTN','5','0365383648');
INSERT INTO phonebook (name,title,description,unit_code,group_name,phone) VALUES ('Nguyễn Thị Hà','Vệ sinh','Ca ngày CTN','CTN','','0336815520');
INSERT INTO phonebook (name,title,description,unit_code,group_name,phone) VALUES ('Nguyễn Thị Khánh','Vệ sinh','Ca ngày CTN','CTN','','0967892619');
INSERT INTO phonebook (name,title,description,unit_code,group_name,phone) VALUES ('Đỗ Khắc Duy Quang','Trưởng ban','Trưởng ban phụ trách Thống Nhất','TN','3','0352850866');
INSERT INTO phonebook (name,title,description,unit_code,group_name,phone) VALUES ('Nguyễn Tiến Hợp','Bảo vệ','Ca đêm TN','TN','3','0965672315');
INSERT INTO phonebook (name,title,description,unit_code,group_name,phone) VALUES ('Nguyễn Xuân Cường','Bảo vệ','Ca đêm TN','TN','3','0396965523');
INSERT INTO phonebook (name,title,description,unit_code,group_name,phone) VALUES ('Nguyễn Đăng Khoa','Bảo vệ','Ca đêm TN','TN','3','0962976650');
INSERT INTO phonebook (name,title,description,unit_code,group_name,phone) VALUES ('Mạnh Trọng Hưng','Bảo vệ','Ca đêm TN','TN','3','0356935946');
INSERT INTO phonebook (name,title,description,unit_code,group_name,phone) VALUES ('Lại Đắc Doanh','Bảo vệ','Ca đêm TN','TN','3','0961176578');
INSERT INTO phonebook (name,title,description,unit_code,group_name,phone) VALUES ('Phạm Văn Thịnh','Bảo vệ','Ca đêm TN','TN','3','0985056597');
INSERT INTO phonebook (name,title,description,unit_code,group_name,phone) VALUES ('Nguyễn Văn Quang','Bảo vệ','Ca đêm TN','TN','','0968013585');
INSERT INTO phonebook (name,title,description,unit_code,group_name,phone) VALUES ('Nguyễn Trọng Thể','Bảo vệ','Ca ngày TN','TN','3','0386319845');
INSERT INTO phonebook (name,title,description,unit_code,group_name,phone) VALUES ('Nguyễn Mạnh Toản','Bảo vệ','Ca ngày TN','TN','3','0399595266');
INSERT INTO phonebook (name,title,description,unit_code,group_name,phone) VALUES ('Ngô Đắc Tặng','Bảo vệ','Ca ngày TN','TN','3','0971597288');
INSERT INTO phonebook (name,title,description,unit_code,group_name,phone) VALUES ('Ngô Quang Hà','Bảo vệ','Ca ngày TN','TN','3','0866760336');
INSERT INTO phonebook (name,title,description,unit_code,group_name,phone) VALUES ('Nguyễn Tuấn Bình','Bảo vệ','Ca ngày TN','TN','3','0384187231');
INSERT INTO phonebook (name,title,description,unit_code,group_name,phone) VALUES ('Ngô Đức Thịnh','Bảo vệ','Ca ngày TN','TN','3','0984056254');
INSERT INTO phonebook (name,title,description,unit_code,group_name,phone) VALUES ('Nguyễn Hoa Dung','Vệ sinh','Tòa N4 TN','TN','','0978185034');
INSERT INTO phonebook (name,title,description,unit_code,group_name,phone) VALUES ('Hoàng Thị Phương','Vệ sinh','Tòa N4 TN','TN','','0399756696');
INSERT INTO phonebook (name,title,description,unit_code,group_name,phone) VALUES ('Nguyễn Thị Luận','Vệ sinh','Tòa N3 TN','TN','','0368178376');
INSERT INTO phonebook (name,title,description,unit_code,group_name,phone) VALUES ('Nguyễn Thị Độ','Vệ sinh','Tòa N3 TN','TN','','0357460309');
INSERT INTO phonebook (name,title,description,unit_code,group_name,phone) VALUES ('Nguyễn Thị Tùng','Vệ sinh','Tòa N2 TN','TN','','0357094201');
INSERT INTO phonebook (name,title,description,unit_code,group_name,phone) VALUES ('Bùi Thị Dung','Vệ sinh','Tòa N2 TN','TN','','0388618728');
INSERT INTO phonebook (name,title,description,unit_code,group_name,phone) VALUES ('Nguyễn Thị Tuyết','Vệ sinh','Tòa N1 TN','TN','','0379499764');
INSERT INTO phonebook (name,title,description,unit_code,group_name,phone) VALUES ('Mr Thi','Chỉ huy trưởng','BCH công trường – quyết định dừng/thi công lại','CT','','');
INSERT INTO phonebook (name,title,description,unit_code,group_name,phone) VALUES ('Mr Hiển','Chỉ huy phó','Điều phối tổ đội, tổng hợp báo cáo 19:00','CT','','');
INSERT INTO phonebook (name,title,description,unit_code,group_name,phone) VALUES ('Mr Hải','Đội trưởng cơ điện','Điện nước, máy bơm, máy phát','CT','','');
INSERT INTO phonebook (name,title,description,unit_code,group_name,phone) VALUES ('Mr Dân','Ban cơ giới / ATLĐ','Cẩu tháp, vận thăng, giàn giáo, hàng rào','CT','','');
INSERT INTO phonebook (name,title,description,unit_code,group_name,phone) VALUES ('Mr Viên','Ban cơ giới','Đóng cửa, máy móc, kiểm tra tòa','CT','','');
INSERT INTO phonebook (name,title,description,unit_code,group_name,phone) VALUES ('Mr Tiến (kho)','Thủ kho','Vật tư PCLB công trường','CT','','');
INSERT INTO phonebook (name,title,description,unit_code,group_name,phone) VALUES ('Mr Lộc','Hạ tầng','Hố ga, biển hiệu, hàng rào, thoát nước','CT','','');
INSERT INTO phonebook (name,title,description,unit_code,group_name,phone) VALUES ('Mr Phú / Mr Mão','KS cụm KL / HIJ','Phụ trách cụm hoàn thiện','CT','','');
INSERT INTO phonebook (name,title,description,unit_code,group_name,phone) VALUES ('Mr Thảo / Mr Hùng','KS cụm OPQ / RTS','Phụ trách cụm thi công thô','CT','','');
INSERT INTO phonebook (name,title,description,unit_code,group_name,phone) VALUES ('Mr Tuấn Anh · Mr Bằng · Mr Phức','Cẩu tháp · Vận thăng · Bơm','Thiết bị nâng & chống ngập','CT','','');
INSERT INTO phonebook (name,title,description,unit_code,group_name,phone) VALUES ('Mr Vụ · Mr Huyên','Kho vật tư · Cây xanh','Kho + cảnh quan công trường','CT','','');

-- QD03_PRINCIPLES (6)
INSERT INTO qd03_principles (text) VALUES ('Phòng ngừa chủ động, từ sớm – từ xa; phương châm BỐN TẠI CHỖ: chỉ huy, lực lượng, phương tiện – vật tư, hậu cần tại chỗ.');
INSERT INTO qd03_principles (text) VALUES ('Ưu tiên tuyệt đối an toàn TÍNH MẠNG, sau đó an toàn điện, công trình, dữ liệu, tài sản — không đánh đổi an toàn con người để cứu tài sản.');
INSERT INTO qd03_principles (text) VALUES ('Chỉ huy tập trung, thông tin MỘT đầu mối; người nhận nhiệm vụ phải chấp hành lệnh và xác nhận kết quả bằng sổ/tin nhắn/ảnh/hệ thống điện tử.');
INSERT INTO qd03_principles (text) VALUES ('KHÔNG cứu nạn vượt quá năng lực – phương tiện – chuyên môn; người mắc kẹt, dòng chảy mạnh, sạt lở, điện nguy hiểm → báo cơ quan chuyên trách (112/114/115).');
INSERT INTO qd03_principles (text) VALUES ('Mọi vật tư, thiết bị, hàng cứu trợ: minh bạch, đúng mục đích, đúng đối tượng, có hồ sơ, kiểm tra sau sử dụng.');
INSERT INTO qd03_principles (text) VALUES ('Phương án từng cơ sở phải CỤ THỂ HƠN Quy định này — theo hiện trạng, quy mô, số người, hệ kỹ thuật, mức rủi ro.');

-- QD03_FORBIDDEN (6)
INSERT INTO qd03_forbidden (text) VALUES ('Không chấp hành lệnh dừng thi công, sơ tán, cô lập điện, đóng khu vực nguy hiểm hoặc điều động khẩn cấp.');
INSERT INTO qd03_forbidden (text) VALUES ('Tự ý vào khu vực ngập, hố sâu, mái, giàn giáo, cẩu tháp, vận thăng, phòng điện, nơi gió mạnh khi chưa xác nhận an toàn.');
INSERT INTO qd03_forbidden (text) VALUES ('Tự ý vận hành, tháo sửa máy bơm, máy phát, tủ điện, thiết bị cứu hộ/trọng yếu khi chưa được phân công.');
INSERT INTO qd03_forbidden (text) VALUES ('Dùng vật tư, thiết bị, hàng cứu trợ cho mục đích cá nhân; cho mượn, điều chuyển, thanh lý, tháo nhãn, sửa số liệu, ký bàn giao khống.');
INSERT INTO qd03_forbidden (text) VALUES ('Che giấu sự cố, chậm báo cáo, thông tin sai lệch; phát ngôn/đăng tải hình ảnh nhạy cảm khi chưa được phép.');
INSERT INTO qd03_forbidden (text) VALUES ('Phân phối cứu trợ không danh sách, không xác nhận, phân biệt đối xử, trục lợi, làm thất thoát nguồn lực.');

-- QD03_FORMS (13)
INSERT INTO qd03_forms (code,name,owner) VALUES ('BM-PCLB-01','Sổ danh mục & nhập – xuất – tồn kho','Thủ kho · cập nhật liên tục');
INSERT INTO qd03_forms (code,name,owner) VALUES ('BM-PCLB-02','Phiếu nhập kho / nghiệm thu (chạy thử thiết bị điện)','Kho + HCNS + Kỹ thuật (+ Tài chính khi cần)');
INSERT INTO qd03_forms (code,name,owner) VALUES ('BM-PCLB-03','Phiếu xuất dùng / điều chuyển / thu hồi','Người giao – nhận – thủ kho – phê duyệt');
INSERT INTO qd03_forms (code,name,owner) VALUES ('BM-PCLB-04','Sổ xuất KHẨN CẤP','Hoàn thiện phiếu đầy đủ ≤24h');
INSERT INTO qd03_forms (code,name,owner) VALUES ('BM-PCLB-05','Sổ bàn giao ca thiết bị & chìa khóa','Thử nhanh + ký 2 ca, ca trưởng xác nhận');
INSERT INTO qd03_forms (code,name,owner) VALUES ('BM-PCLB-06','Phiếu kiểm tra, chạy thử, bảo dưỡng','HCNS + Kỹ thuật/IT + BQL/Thủ kho');
INSERT INTO qd03_forms (code,name,owner) VALUES ('BM-PCLB-07','Biên bản sự cố / mất mát / hư hỏng','Lập ≤2h khi mất/hỏng thiết bị trọng yếu');
INSERT INTO qd03_forms (code,name,owner) VALUES ('BM-PCLB-08','Checklist chuẩn bị trước bão (10 hạng mục)','Trước T-24h, kèm ảnh xác nhận lần cuối');
INSERT INTO qd03_forms (code,name,owner) VALUES ('BM-PCLB-09','Báo cáo nhanh sự cố / bão lụt (8 mục)','≤4 giờ sau sự cố');
INSERT INTO qd03_forms (code,name,owner) VALUES ('BM-PCLB-10','Biên bản kiểm tra sau bão & CHO PHÉP HOẠT ĐỘNG LẠI','Kỹ thuật/ATLĐ + BQL/CHT + Giám đốc phê duyệt');
INSERT INTO qd03_forms (code,name,owner) VALUES ('BM-PCLB-11','Danh sách / biên bản bàn giao cứu trợ','Ký nhận từng hộ + đại diện địa phương');
INSERT INTO qd03_forms (code,name,owner) VALUES ('BM-PCLB-12','Báo cáo tháng hệ thống kho (6 mục)','Trước 17:00 ngày 28 hằng tháng');
INSERT INTO qd03_forms (code,name,owner) VALUES ('BM-PCLB-13','Checklist quyết toán & kết thúc cứu trợ (10 mục)','Quyết toán ≤7 ngày sau đợt');
